datetime,patients,day_of_week,month,is_weekend,holiday,weather,,,
1/1/2023 0:00,51,6,1,1,0,1,,,
1/1/2023 1:00,64,6,1,1,0,3,,,
1/1/2023 2:00,85,6,1,1,0,0,,,
1/1/2023 3:00,64,6,1,1,0,3,,,
1/1/2023 4:00,55,6,1,1,0,2,,,
1/1/2023 5:00,60,6,1,1,0,1,,,
1/1/2023 6:00,89,6,1,1,0,2,,,
1/1/2023 7:00,88,6,1,1,0,3,,,
1/1/2023 8:00,47,6,1,1,0,1,,,
1/1/2023 9:00,75,6,1,1,0,0,,,
1/1/2023 10:00,72,6,1,1,0,1,,,
1/1/2023 11:00,82,6,1,1,0,1,,,
1/1/2023 12:00,33,6,1,1,0,1,,,
1/1/2023 13:00,27,6,1,1,0,1,,,
1/1/2023 14:00,35,6,1,1,0,2,,,
1/1/2023 15:00,60,6,1,1,0,3,,,
1/1/2023 16:00,83,6,1,1,0,0,,,
1/1/2023 17:00,23,6,1,1,0,3,,,
1/1/2023 18:00,71,6,1,1,0,2,,,
1/1/2023 19:00,56,6,1,1,0,2,,,
1/1/2023 20:00,43,6,1,1,0,3,,,
1/1/2023 21:00,52,6,1,1,0,0,,,
1/1/2023 22:00,23,6,1,1,0,0,,,
1/1/2023 23:00,26,6,1,1,0,2,,,
1/2/2023 0:00,79,0,1,0,1,1,,,
1/2/2023 1:00,83,0,1,0,0,3,,,
1/2/2023 2:00,28,0,1,0,0,3,,,
1/2/2023 3:00,73,0,1,0,0,3,,,
1/2/2023 4:00,34,0,1,0,0,3,,,
1/2/2023 5:00,42,0,1,0,0,1,,,
1/2/2023 6:00,45,0,1,0,0,1,,,
1/2/2023 7:00,86,0,1,0,0,1,,,
1/2/2023 8:00,52,0,1,0,0,2,,,
1/2/2023 9:00,20,0,1,0,0,0,,,
1/2/2023 10:00,24,0,1,0,0,0,,,
1/2/2023 11:00,35,0,1,0,0,0,,,
1/2/2023 12:00,50,0,1,0,0,2,,,
1/2/2023 13:00,70,0,1,0,0,2,,,
1/2/2023 14:00,49,0,1,0,0,3,,,
1/2/2023 15:00,23,0,1,0,0,3,,,
1/2/2023 16:00,33,0,1,0,0,0,,,
1/2/2023 17:00,65,0,1,0,0,1,,,
1/2/2023 18:00,33,0,1,0,0,0,,,
1/2/2023 19:00,65,0,1,0,0,0,,,
1/2/2023 20:00,54,0,1,0,0,2,,,
1/2/2023 21:00,66,0,1,0,0,2,,,
1/2/2023 22:00,65,0,1,0,0,0,,,
1/2/2023 23:00,66,0,1,0,0,1,,,
1/3/2023 0:00,33,1,1,0,0,0,,,
1/3/2023 1:00,48,1,1,0,0,3,,,
1/3/2023 2:00,83,1,1,0,0,2,,,
1/3/2023 3:00,77,1,1,0,0,1,,,
1/3/2023 4:00,56,1,1,0,0,3,,,
1/3/2023 5:00,37,1,1,0,0,2,,,
1/3/2023 6:00,35,1,1,0,0,3,,,
1/3/2023 7:00,65,1,1,0,0,0,,,
1/3/2023 8:00,67,1,1,0,0,0,,,
1/3/2023 9:00,32,1,1,0,0,0,,,
1/3/2023 10:00,72,1,1,0,0,0,,,
1/3/2023 11:00,33,1,1,0,0,0,,,
1/3/2023 12:00,63,1,1,0,0,2,,,
1/3/2023 13:00,44,1,1,0,1,3,,,
1/3/2023 14:00,64,1,1,0,0,0,,,
1/3/2023 15:00,88,1,1,0,0,0,,,
1/3/2023 16:00,66,1,1,0,1,3,,,
1/3/2023 17:00,42,1,1,0,0,3,,,
1/3/2023 18:00,59,1,1,0,0,1,,,
1/3/2023 19:00,40,1,1,0,0,0,,,
1/3/2023 20:00,56,1,1,0,0,2,,,
1/3/2023 21:00,54,1,1,0,0,1,,,
1/3/2023 22:00,76,1,1,0,0,0,,,
1/3/2023 23:00,46,1,1,0,0,1,,,
1/4/2023 0:00,39,2,1,0,0,1,,,
1/4/2023 1:00,36,2,1,0,0,0,,,
1/4/2023 2:00,67,2,1,0,1,2,,,
1/4/2023 3:00,74,2,1,0,0,3,,,
1/4/2023 4:00,45,2,1,0,0,3,,,
1/4/2023 5:00,28,2,1,0,0,2,,,
1/4/2023 6:00,26,2,1,0,0,3,,,
1/4/2023 7:00,69,2,1,0,0,0,,,
1/4/2023 8:00,81,2,1,0,0,1,,,
1/4/2023 9:00,85,2,1,0,0,0,,,
1/4/2023 10:00,27,2,1,0,1,1,,,
1/4/2023 11:00,30,2,1,0,0,1,,,
1/4/2023 12:00,29,2,1,0,0,2,,,
1/4/2023 13:00,89,2,1,0,0,1,,,
1/4/2023 14:00,27,2,1,0,0,1,,,
1/4/2023 15:00,53,2,1,0,0,2,,,
1/4/2023 16:00,67,2,1,0,0,3,,,
1/4/2023 17:00,50,2,1,0,0,2,,,
1/4/2023 18:00,65,2,1,0,0,1,,,
1/4/2023 19:00,52,2,1,0,0,1,,,
1/4/2023 20:00,57,2,1,0,0,2,,,
1/4/2023 21:00,58,2,1,0,1,0,,,
1/4/2023 22:00,33,2,1,0,0,1,,,
1/4/2023 23:00,31,2,1,0,0,1,,,
1/5/2023 0:00,79,3,1,0,0,0,,,
1/5/2023 1:00,90,3,1,0,0,3,,,
1/5/2023 2:00,38,3,1,0,0,1,,,
1/5/2023 3:00,43,3,1,0,0,2,,,
1/5/2023 4:00,25,3,1,0,0,0,,,
1/5/2023 5:00,61,3,1,0,0,1,,,
1/5/2023 6:00,27,3,1,0,0,3,,,
1/5/2023 7:00,90,3,1,0,0,3,,,
1/5/2023 8:00,70,3,1,0,0,2,,,
1/5/2023 9:00,73,3,1,0,0,3,,,
1/5/2023 10:00,86,3,1,0,0,1,,,
1/5/2023 11:00,34,3,1,0,0,1,,,
1/5/2023 12:00,83,3,1,0,0,1,,,
1/5/2023 13:00,85,3,1,0,0,2,,,
1/5/2023 14:00,64,3,1,0,0,0,,,
1/5/2023 15:00,56,3,1,0,0,0,,,
1/5/2023 16:00,28,3,1,0,0,0,,,
1/5/2023 17:00,41,3,1,0,0,0,,,
1/5/2023 18:00,88,3,1,0,0,1,,,
1/5/2023 19:00,75,3,1,0,0,3,,,
1/5/2023 20:00,59,3,1,0,0,0,,,
1/5/2023 21:00,61,3,1,0,0,3,,,
1/5/2023 22:00,84,3,1,0,0,3,,,
1/5/2023 23:00,54,3,1,0,0,2,,,
1/6/2023 0:00,61,4,1,0,1,3,,,
1/6/2023 1:00,85,4,1,0,0,2,,,
1/6/2023 2:00,26,4,1,0,0,3,,,
1/6/2023 3:00,89,4,1,0,0,0,,,
1/6/2023 4:00,52,4,1,0,0,1,,,
1/6/2023 5:00,80,4,1,0,0,2,,,
1/6/2023 6:00,29,4,1,0,0,1,,,
1/6/2023 7:00,90,4,1,0,0,3,,,
1/6/2023 8:00,29,4,1,0,0,3,,,
1/6/2023 9:00,86,4,1,0,0,1,,,
1/6/2023 10:00,44,4,1,0,0,1,,,
1/6/2023 11:00,44,4,1,0,0,2,,,
1/6/2023 12:00,38,4,1,0,0,2,,,
1/6/2023 13:00,53,4,1,0,0,0,,,
1/6/2023 14:00,22,4,1,0,0,2,,,
1/6/2023 15:00,49,4,1,0,0,0,,,
1/6/2023 16:00,24,4,1,0,0,2,,,
1/6/2023 17:00,31,4,1,0,0,3,,,
1/6/2023 18:00,37,4,1,0,0,3,,,
1/6/2023 19:00,22,4,1,0,0,1,,,
1/6/2023 20:00,84,4,1,0,0,1,,,
1/6/2023 21:00,83,4,1,0,0,0,,,
1/6/2023 22:00,56,4,1,0,0,1,,,
1/6/2023 23:00,56,4,1,0,0,2,,,
1/7/2023 0:00,39,5,1,1,0,2,,,
1/7/2023 1:00,42,5,1,1,0,2,,,
1/7/2023 2:00,81,5,1,1,0,3,,,
1/7/2023 3:00,72,5,1,1,0,3,,,
1/7/2023 4:00,35,5,1,1,0,0,,,
1/7/2023 5:00,28,5,1,1,0,3,,,
1/7/2023 6:00,36,5,1,1,0,0,,,
1/7/2023 7:00,49,5,1,1,0,1,,,
1/7/2023 8:00,33,5,1,1,0,1,,,
1/7/2023 9:00,21,5,1,1,0,2,,,
1/7/2023 10:00,40,5,1,1,0,2,,,
1/7/2023 11:00,77,5,1,1,0,2,,,
1/7/2023 12:00,89,5,1,1,0,2,,,
1/7/2023 13:00,26,5,1,1,0,0,,,
1/7/2023 14:00,86,5,1,1,0,3,,,
1/7/2023 15:00,28,5,1,1,1,3,,,
1/7/2023 16:00,64,5,1,1,0,3,,,
1/7/2023 17:00,24,5,1,1,0,1,,,
1/7/2023 18:00,20,5,1,1,0,2,,,
1/7/2023 19:00,55,5,1,1,0,2,,,
1/7/2023 20:00,53,5,1,1,0,3,,,
1/7/2023 21:00,80,5,1,1,0,2,,,
1/7/2023 22:00,56,5,1,1,0,2,,,
1/7/2023 23:00,84,5,1,1,0,1,,,
1/8/2023 0:00,57,6,1,1,0,2,,,
1/8/2023 1:00,52,6,1,1,0,2,,,
1/8/2023 2:00,84,6,1,1,0,1,,,
1/8/2023 3:00,52,6,1,1,0,1,,,
1/8/2023 4:00,83,6,1,1,0,0,,,
1/8/2023 5:00,26,6,1,1,0,1,,,
1/8/2023 6:00,21,6,1,1,0,1,,,
1/8/2023 7:00,89,6,1,1,0,0,,,
1/8/2023 8:00,89,6,1,1,0,0,,,
1/8/2023 9:00,61,6,1,1,0,2,,,
1/8/2023 10:00,75,6,1,1,0,3,,,
1/8/2023 11:00,66,6,1,1,0,3,,,
1/8/2023 12:00,61,6,1,1,0,1,,,
1/8/2023 13:00,32,6,1,1,0,2,,,
1/8/2023 14:00,31,6,1,1,0,0,,,
1/8/2023 15:00,53,6,1,1,0,2,,,
1/8/2023 16:00,64,6,1,1,0,2,,,
1/8/2023 17:00,37,6,1,1,0,0,,,
1/8/2023 18:00,43,6,1,1,0,0,,,
1/8/2023 19:00,69,6,1,1,0,3,,,
1/8/2023 20:00,78,6,1,1,0,2,,,
1/8/2023 21:00,82,6,1,1,0,0,,,
1/8/2023 22:00,36,6,1,1,0,1,,,
1/8/2023 23:00,28,6,1,1,0,2,,,
1/9/2023 0:00,32,0,1,0,0,0,,,
1/9/2023 1:00,81,0,1,0,0,3,,,
1/9/2023 2:00,60,0,1,0,0,3,,,
1/9/2023 3:00,33,0,1,0,0,2,,,
1/9/2023 4:00,69,0,1,0,0,3,,,
1/9/2023 5:00,76,0,1,0,0,2,,,
1/9/2023 6:00,84,0,1,0,0,3,,,
1/9/2023 7:00,67,0,1,0,0,1,,,
1/9/2023 8:00,42,0,1,0,0,0,,,
1/9/2023 9:00,59,0,1,0,0,1,,,
1/9/2023 10:00,24,0,1,0,0,2,,,
1/9/2023 11:00,23,0,1,0,0,2,,,
1/9/2023 12:00,80,0,1,0,0,3,,,
1/9/2023 13:00,52,0,1,0,0,3,,,
1/9/2023 14:00,42,0,1,0,0,3,,,
1/9/2023 15:00,55,0,1,0,0,2,,,
1/9/2023 16:00,28,0,1,0,0,3,,,
1/9/2023 17:00,55,0,1,0,0,3,,,
1/9/2023 18:00,42,0,1,0,0,2,,,
1/9/2023 19:00,40,0,1,0,0,3,,,
1/9/2023 20:00,28,0,1,0,1,3,,,
1/9/2023 21:00,40,0,1,0,0,3,,,
1/9/2023 22:00,74,0,1,0,0,0,,,
1/9/2023 23:00,89,0,1,0,0,3,,,
1/10/2023 0:00,30,1,1,0,0,2,,,
1/10/2023 1:00,33,1,1,0,0,1,,,
1/10/2023 2:00,79,1,1,0,0,2,,,
1/10/2023 3:00,39,1,1,0,0,1,,,
1/10/2023 4:00,72,1,1,0,0,1,,,
1/10/2023 5:00,84,1,1,0,0,3,,,
1/10/2023 6:00,28,1,1,0,0,0,,,
1/10/2023 7:00,34,1,1,0,0,2,,,
1/10/2023 8:00,20,1,1,0,0,2,,,
1/10/2023 9:00,82,1,1,0,0,2,,,
1/10/2023 10:00,78,1,1,0,0,0,,,
1/10/2023 11:00,47,1,1,0,0,3,,,
1/10/2023 12:00,61,1,1,0,0,2,,,
1/10/2023 13:00,82,1,1,0,0,0,,,
1/10/2023 14:00,22,1,1,0,0,3,,,
1/10/2023 15:00,47,1,1,0,0,1,,,
1/10/2023 16:00,52,1,1,0,0,0,,,
1/10/2023 17:00,71,1,1,0,0,3,,,
1/10/2023 18:00,73,1,1,0,0,3,,,
1/10/2023 19:00,44,1,1,0,0,1,,,
1/10/2023 20:00,26,1,1,0,0,0,,,
1/10/2023 21:00,87,1,1,0,0,1,,,
1/10/2023 22:00,39,1,1,0,0,1,,,
1/10/2023 23:00,33,1,1,0,0,0,,,
1/11/2023 0:00,36,2,1,0,0,3,,,
1/11/2023 1:00,88,2,1,0,0,3,,,
1/11/2023 2:00,75,2,1,0,0,2,,,
1/11/2023 3:00,54,2,1,0,0,0,,,
1/11/2023 4:00,90,2,1,0,0,0,,,
1/11/2023 5:00,74,2,1,0,0,3,,,
1/11/2023 6:00,52,2,1,0,0,1,,,
1/11/2023 7:00,90,2,1,0,0,0,,,
1/11/2023 8:00,78,2,1,0,0,0,,,
1/11/2023 9:00,69,2,1,0,0,0,,,
1/11/2023 10:00,34,2,1,0,0,3,,,
1/11/2023 11:00,23,2,1,0,1,2,,,
1/11/2023 12:00,36,2,1,0,0,3,,,
1/11/2023 13:00,84,2,1,0,0,2,,,
1/11/2023 14:00,76,2,1,0,0,2,,,
1/11/2023 15:00,35,2,1,0,0,2,,,
1/11/2023 16:00,76,2,1,0,0,3,,,
1/11/2023 17:00,85,2,1,0,0,3,,,
1/11/2023 18:00,25,2,1,0,0,2,,,
1/11/2023 19:00,88,2,1,0,0,2,,,
1/11/2023 20:00,59,2,1,0,0,2,,,
1/11/2023 21:00,34,2,1,0,0,0,,,
1/11/2023 22:00,37,2,1,0,0,3,,,
1/11/2023 23:00,84,2,1,0,0,3,,,
1/12/2023 0:00,39,3,1,0,0,1,,,
1/12/2023 1:00,20,3,1,0,0,2,,,
1/12/2023 2:00,47,3,1,0,0,3,,,
1/12/2023 3:00,42,3,1,0,0,1,,,
1/12/2023 4:00,36,3,1,0,0,0,,,
1/12/2023 5:00,20,3,1,0,0,2,,,
1/12/2023 6:00,80,3,1,0,0,2,,,
1/12/2023 7:00,28,3,1,0,0,2,,,
1/12/2023 8:00,27,3,1,0,0,3,,,
1/12/2023 9:00,42,3,1,0,0,2,,,
1/12/2023 10:00,71,3,1,0,0,1,,,
1/12/2023 11:00,66,3,1,0,0,2,,,
1/12/2023 12:00,40,3,1,0,0,2,,,
1/12/2023 13:00,26,3,1,0,0,1,,,
1/12/2023 14:00,47,3,1,0,0,0,,,
1/12/2023 15:00,55,3,1,0,0,3,,,
1/12/2023 16:00,50,3,1,0,0,3,,,
1/12/2023 17:00,73,3,1,0,0,1,,,
1/12/2023 18:00,81,3,1,0,0,1,,,
1/12/2023 19:00,50,3,1,0,0,2,,,
1/12/2023 20:00,88,3,1,0,0,2,,,
1/12/2023 21:00,21,3,1,0,0,0,,,
1/12/2023 22:00,40,3,1,0,0,0,,,
1/12/2023 23:00,47,3,1,0,0,3,,,
1/13/2023 0:00,85,4,1,0,0,2,,,
1/13/2023 1:00,81,4,1,0,0,3,,,
1/13/2023 2:00,89,4,1,0,0,1,,,
1/13/2023 3:00,81,4,1,0,0,1,,,
1/13/2023 4:00,55,4,1,0,0,3,,,
1/13/2023 5:00,47,4,1,0,0,2,,,
1/13/2023 6:00,57,4,1,0,0,1,,,
1/13/2023 7:00,83,4,1,0,0,1,,,
1/13/2023 8:00,66,4,1,0,0,2,,,
1/13/2023 9:00,88,4,1,0,0,2,,,
1/13/2023 10:00,47,4,1,0,0,2,,,
1/13/2023 11:00,38,4,1,0,0,1,,,
1/13/2023 12:00,53,4,1,0,0,1,,,
1/13/2023 13:00,68,4,1,0,0,2,,,
1/13/2023 14:00,64,4,1,0,0,1,,,
1/13/2023 15:00,28,4,1,0,0,2,,,
1/13/2023 16:00,31,4,1,0,0,1,,,
1/13/2023 17:00,48,4,1,0,0,3,,,
1/13/2023 18:00,38,4,1,0,0,1,,,
1/13/2023 19:00,58,4,1,0,0,3,,,
1/13/2023 20:00,69,4,1,0,0,2,,,
1/13/2023 21:00,87,4,1,0,0,0,,,
1/13/2023 22:00,54,4,1,0,0,2,,,
1/13/2023 23:00,70,4,1,0,0,3,,,
1/14/2023 0:00,64,5,1,1,0,1,,,
1/14/2023 1:00,83,5,1,1,0,2,,,
1/14/2023 2:00,40,5,1,1,0,0,,,
1/14/2023 3:00,71,5,1,1,0,3,,,
1/14/2023 4:00,68,5,1,1,0,1,,,
1/14/2023 5:00,41,5,1,1,0,1,,,
1/14/2023 6:00,60,5,1,1,0,1,,,
1/14/2023 7:00,74,5,1,1,0,1,,,
1/14/2023 8:00,87,5,1,1,0,1,,,
1/14/2023 9:00,88,5,1,1,0,0,,,
1/14/2023 10:00,66,5,1,1,0,1,,,
1/14/2023 11:00,48,5,1,1,0,2,,,
1/14/2023 12:00,30,5,1,1,0,1,,,
1/14/2023 13:00,73,5,1,1,0,3,,,
1/14/2023 14:00,83,5,1,1,0,3,,,
1/14/2023 15:00,22,5,1,1,0,3,,,
1/14/2023 16:00,55,5,1,1,0,2,,,
1/14/2023 17:00,66,5,1,1,0,0,,,
1/14/2023 18:00,36,5,1,1,0,3,,,
1/14/2023 19:00,43,5,1,1,0,0,,,
1/14/2023 20:00,70,5,1,1,0,1,,,
1/14/2023 21:00,28,5,1,1,0,0,,,
1/14/2023 22:00,26,5,1,1,0,1,,,
1/14/2023 23:00,84,5,1,1,0,0,,,
1/15/2023 0:00,52,6,1,1,0,0,,,
1/15/2023 1:00,39,6,1,1,0,1,,,
1/15/2023 2:00,77,6,1,1,0,2,,,
1/15/2023 3:00,33,6,1,1,0,3,,,
1/15/2023 4:00,75,6,1,1,0,1,,,
1/15/2023 5:00,22,6,1,1,0,1,,,
1/15/2023 6:00,59,6,1,1,0,1,,,
1/15/2023 7:00,42,6,1,1,0,2,,,
1/15/2023 8:00,30,6,1,1,0,2,,,
1/15/2023 9:00,50,6,1,1,0,3,,,
1/15/2023 10:00,20,6,1,1,0,3,,,
1/15/2023 11:00,49,6,1,1,0,1,,,
1/15/2023 12:00,33,6,1,1,0,2,,,
1/15/2023 13:00,72,6,1,1,0,0,,,
1/15/2023 14:00,27,6,1,1,1,3,,,
1/15/2023 15:00,88,6,1,1,0,2,,,
1/15/2023 16:00,81,6,1,1,0,2,,,
1/15/2023 17:00,58,6,1,1,0,1,,,
1/15/2023 18:00,79,6,1,1,0,0,,,
1/15/2023 19:00,74,6,1,1,0,0,,,
1/15/2023 20:00,52,6,1,1,0,0,,,
1/15/2023 21:00,38,6,1,1,0,3,,,
1/15/2023 22:00,81,6,1,1,0,3,,,
1/15/2023 23:00,62,6,1,1,0,3,,,
1/16/2023 0:00,47,0,1,0,0,0,,,
1/16/2023 1:00,77,0,1,0,0,2,,,
1/16/2023 2:00,48,0,1,0,0,3,,,
1/16/2023 3:00,70,0,1,0,0,3,,,
1/16/2023 4:00,68,0,1,0,0,2,,,
1/16/2023 5:00,55,0,1,0,0,2,,,
1/16/2023 6:00,84,0,1,0,0,2,,,
1/16/2023 7:00,71,0,1,0,0,2,,,
1/16/2023 8:00,27,0,1,0,0,3,,,
1/16/2023 9:00,81,0,1,0,0,3,,,
1/16/2023 10:00,48,0,1,0,0,1,,,
1/16/2023 11:00,54,0,1,0,0,0,,,
1/16/2023 12:00,79,0,1,0,0,1,,,
1/16/2023 13:00,81,0,1,0,0,2,,,
1/16/2023 14:00,28,0,1,0,0,2,,,
1/16/2023 15:00,70,0,1,0,1,2,,,
1/16/2023 16:00,82,0,1,0,0,1,,,
1/16/2023 17:00,24,0,1,0,0,1,,,
1/16/2023 18:00,80,0,1,0,0,2,,,
1/16/2023 19:00,53,0,1,0,0,3,,,
1/16/2023 20:00,39,0,1,0,0,3,,,
1/16/2023 21:00,57,0,1,0,0,1,,,
1/16/2023 22:00,56,0,1,0,0,2,,,
1/16/2023 23:00,80,0,1,0,0,2,,,
1/17/2023 0:00,82,1,1,0,0,3,,,
1/17/2023 1:00,64,1,1,0,0,1,,,
1/17/2023 2:00,74,1,1,0,0,3,,,
1/17/2023 3:00,32,1,1,0,0,1,,,
1/17/2023 4:00,66,1,1,0,0,3,,,
1/17/2023 5:00,59,1,1,0,0,3,,,
1/17/2023 6:00,21,1,1,0,0,0,,,
1/17/2023 7:00,21,1,1,0,0,1,,,
1/17/2023 8:00,90,1,1,0,0,3,,,
1/17/2023 9:00,49,1,1,0,0,3,,,
1/17/2023 10:00,71,1,1,0,0,1,,,
1/17/2023 11:00,82,1,1,0,0,1,,,
1/17/2023 12:00,51,1,1,0,0,1,,,
1/17/2023 13:00,81,1,1,0,0,2,,,
1/17/2023 14:00,70,1,1,0,0,1,,,
1/17/2023 15:00,33,1,1,0,0,0,,,
1/17/2023 16:00,51,1,1,0,0,0,,,
1/17/2023 17:00,49,1,1,0,0,3,,,
1/17/2023 18:00,56,1,1,0,1,2,,,
1/17/2023 19:00,49,1,1,0,0,0,,,
1/17/2023 20:00,26,1,1,0,0,3,,,
1/17/2023 21:00,40,1,1,0,0,0,,,
1/17/2023 22:00,74,1,1,0,0,2,,,
1/17/2023 23:00,75,1,1,0,0,3,,,
1/18/2023 0:00,74,2,1,0,0,3,,,
1/18/2023 1:00,41,2,1,0,0,0,,,
1/18/2023 2:00,74,2,1,0,0,2,,,
1/18/2023 3:00,55,2,1,0,0,3,,,
1/18/2023 4:00,56,2,1,0,0,0,,,
1/18/2023 5:00,85,2,1,0,0,3,,,
1/18/2023 6:00,62,2,1,0,0,0,,,
1/18/2023 7:00,54,2,1,0,0,0,,,
1/18/2023 8:00,51,2,1,0,0,2,,,
1/18/2023 9:00,38,2,1,0,0,2,,,
1/18/2023 10:00,37,2,1,0,0,3,,,
1/18/2023 11:00,90,2,1,0,0,2,,,
1/18/2023 12:00,69,2,1,0,0,3,,,
1/18/2023 13:00,47,2,1,0,0,3,,,
1/18/2023 14:00,49,2,1,0,0,2,,,
1/18/2023 15:00,46,2,1,0,0,1,,,
1/18/2023 16:00,83,2,1,0,0,2,,,
1/18/2023 17:00,58,2,1,0,0,2,,,
1/18/2023 18:00,55,2,1,0,0,0,,,
1/18/2023 19:00,44,2,1,0,0,3,,,
1/18/2023 20:00,64,2,1,0,0,3,,,
1/18/2023 21:00,86,2,1,0,0,2,,,
1/18/2023 22:00,78,2,1,0,0,1,,,
1/18/2023 23:00,47,2,1,0,0,1,,,
1/19/2023 0:00,31,3,1,0,0,3,,,
1/19/2023 1:00,35,3,1,0,0,2,,,
1/19/2023 2:00,46,3,1,0,0,2,,,
1/19/2023 3:00,60,3,1,0,0,0,,,
1/19/2023 4:00,53,3,1,0,0,2,,,
1/19/2023 5:00,75,3,1,0,0,0,,,
1/19/2023 6:00,32,3,1,0,0,2,,,
1/19/2023 7:00,61,3,1,0,0,2,,,
1/19/2023 8:00,23,3,1,0,0,3,,,
1/19/2023 9:00,20,3,1,0,0,2,,,
1/19/2023 10:00,22,3,1,0,0,3,,,
1/19/2023 11:00,89,3,1,0,0,2,,,
1/19/2023 12:00,82,3,1,0,0,0,,,
1/19/2023 13:00,26,3,1,0,0,3,,,
1/19/2023 14:00,34,3,1,0,0,2,,,
1/19/2023 15:00,78,3,1,0,0,1,,,
1/19/2023 16:00,59,3,1,0,0,3,,,
1/19/2023 17:00,41,3,1,0,0,0,,,
1/19/2023 18:00,31,3,1,0,0,1,,,
1/19/2023 19:00,22,3,1,0,0,2,,,
1/19/2023 20:00,37,3,1,0,0,1,,,
1/19/2023 21:00,27,3,1,0,0,3,,,
1/19/2023 22:00,90,3,1,0,0,2,,,
1/19/2023 23:00,86,3,1,0,0,3,,,
1/20/2023 0:00,43,4,1,0,0,1,,,
1/20/2023 1:00,49,4,1,0,0,1,,,
1/20/2023 2:00,62,4,1,0,0,0,,,
1/20/2023 3:00,81,4,1,0,0,3,,,
1/20/2023 4:00,47,4,1,0,0,2,,,
1/20/2023 5:00,26,4,1,0,0,0,,,
1/20/2023 6:00,48,4,1,0,0,3,,,
1/20/2023 7:00,26,4,1,0,0,3,,,
1/20/2023 8:00,33,4,1,0,0,2,,,
1/20/2023 9:00,68,4,1,0,0,0,,,
1/20/2023 10:00,50,4,1,0,0,3,,,
1/20/2023 11:00,75,4,1,0,0,3,,,
1/20/2023 12:00,29,4,1,0,0,1,,,
1/20/2023 13:00,59,4,1,0,0,0,,,
1/20/2023 14:00,86,4,1,0,0,0,,,
1/20/2023 15:00,49,4,1,0,0,1,,,
1/20/2023 16:00,32,4,1,0,0,3,,,
1/20/2023 17:00,33,4,1,0,0,0,,,
1/20/2023 18:00,64,4,1,0,0,2,,,
1/20/2023 19:00,67,4,1,0,0,2,,,
1/20/2023 20:00,68,4,1,0,0,1,,,
1/20/2023 21:00,74,4,1,0,0,2,,,
1/20/2023 22:00,78,4,1,0,0,1,,,
1/20/2023 23:00,47,4,1,0,0,2,,,
1/21/2023 0:00,47,5,1,1,0,3,,,
1/21/2023 1:00,73,5,1,1,0,3,,,
1/21/2023 2:00,68,5,1,1,0,3,,,
1/21/2023 3:00,25,5,1,1,0,2,,,
1/21/2023 4:00,88,5,1,1,0,1,,,
1/21/2023 5:00,59,5,1,1,0,1,,,
1/21/2023 6:00,29,5,1,1,0,1,,,
1/21/2023 7:00,74,5,1,1,0,1,,,
1/21/2023 8:00,38,5,1,1,1,2,,,
1/21/2023 9:00,57,5,1,1,0,3,,,
1/21/2023 10:00,69,5,1,1,0,0,,,
1/21/2023 11:00,88,5,1,1,0,0,,,
1/21/2023 12:00,74,5,1,1,0,1,,,
1/21/2023 13:00,62,5,1,1,1,0,,,
1/21/2023 14:00,66,5,1,1,0,1,,,
1/21/2023 15:00,71,5,1,1,0,2,,,
1/21/2023 16:00,29,5,1,1,0,1,,,
1/21/2023 17:00,87,5,1,1,0,1,,,
1/21/2023 18:00,27,5,1,1,0,2,,,
1/21/2023 19:00,25,5,1,1,0,1,,,
1/21/2023 20:00,43,5,1,1,0,0,,,
1/21/2023 21:00,38,5,1,1,0,2,,,
1/21/2023 22:00,65,5,1,1,0,3,,,
1/21/2023 23:00,77,5,1,1,0,2,,,
1/22/2023 0:00,75,6,1,1,0,3,,,
1/22/2023 1:00,67,6,1,1,0,0,,,
1/22/2023 2:00,83,6,1,1,0,3,,,
1/22/2023 3:00,57,6,1,1,0,2,,,
1/22/2023 4:00,49,6,1,1,0,1,,,
1/22/2023 5:00,45,6,1,1,0,2,,,
1/22/2023 6:00,66,6,1,1,0,2,,,
1/22/2023 7:00,34,6,1,1,0,0,,,
1/22/2023 8:00,55,6,1,1,0,2,,,
1/22/2023 9:00,28,6,1,1,0,1,,,
1/22/2023 10:00,87,6,1,1,0,0,,,
1/22/2023 11:00,58,6,1,1,0,1,,,
1/22/2023 12:00,70,6,1,1,0,1,,,
1/22/2023 13:00,68,6,1,1,0,0,,,
1/22/2023 14:00,32,6,1,1,0,2,,,
1/22/2023 15:00,80,6,1,1,0,0,,,
1/22/2023 16:00,60,6,1,1,0,0,,,
1/22/2023 17:00,81,6,1,1,0,0,,,
1/22/2023 18:00,54,6,1,1,0,0,,,
1/22/2023 19:00,64,6,1,1,0,0,,,
1/22/2023 20:00,60,6,1,1,0,0,,,
1/22/2023 21:00,80,6,1,1,0,1,,,
1/22/2023 22:00,77,6,1,1,0,3,,,
1/22/2023 23:00,64,6,1,1,0,1,,,
1/23/2023 0:00,53,0,1,0,0,2,,,
1/23/2023 1:00,34,0,1,0,0,1,,,
1/23/2023 2:00,82,0,1,0,0,2,,,
1/23/2023 3:00,50,0,1,0,0,2,,,
1/23/2023 4:00,57,0,1,0,0,3,,,
1/23/2023 5:00,64,0,1,0,0,2,,,
1/23/2023 6:00,65,0,1,0,0,1,,,
1/23/2023 7:00,36,0,1,0,0,1,,,
1/23/2023 8:00,77,0,1,0,0,3,,,
1/23/2023 9:00,88,0,1,0,0,2,,,
1/23/2023 10:00,86,0,1,0,0,1,,,
1/23/2023 11:00,76,0,1,0,0,0,,,
1/23/2023 12:00,66,0,1,0,0,0,,,
1/23/2023 13:00,65,0,1,0,0,2,,,
1/23/2023 14:00,41,0,1,0,0,3,,,
1/23/2023 15:00,43,0,1,0,0,2,,,
1/23/2023 16:00,78,0,1,0,0,1,,,
1/23/2023 17:00,68,0,1,0,0,3,,,
1/23/2023 18:00,44,0,1,0,0,3,,,
1/23/2023 19:00,65,0,1,0,0,2,,,
1/23/2023 20:00,31,0,1,0,0,2,,,
1/23/2023 21:00,35,0,1,0,0,3,,,
1/23/2023 22:00,52,0,1,0,0,2,,,
1/23/2023 23:00,30,0,1,0,0,3,,,
1/24/2023 0:00,79,1,1,0,0,2,,,
1/24/2023 1:00,60,1,1,0,0,3,,,
1/24/2023 2:00,67,1,1,0,0,1,,,
1/24/2023 3:00,49,1,1,0,0,2,,,
1/24/2023 4:00,86,1,1,0,1,2,,,
1/24/2023 5:00,42,1,1,0,0,1,,,
1/24/2023 6:00,87,1,1,0,0,3,,,
1/24/2023 7:00,52,1,1,0,0,3,,,
1/24/2023 8:00,88,1,1,0,0,2,,,
1/24/2023 9:00,57,1,1,0,0,3,,,
1/24/2023 10:00,87,1,1,0,1,1,,,
1/24/2023 11:00,73,1,1,0,0,1,,,
1/24/2023 12:00,44,1,1,0,0,2,,,
1/24/2023 13:00,24,1,1,0,0,1,,,
1/24/2023 14:00,62,1,1,0,0,0,,,
1/24/2023 15:00,75,1,1,0,0,3,,,
1/24/2023 16:00,32,1,1,0,0,2,,,
1/24/2023 17:00,56,1,1,0,0,0,,,
1/24/2023 18:00,75,1,1,0,0,3,,,
1/24/2023 19:00,62,1,1,0,0,3,,,
1/24/2023 20:00,87,1,1,0,0,2,,,
1/24/2023 21:00,20,1,1,0,1,0,,,
1/24/2023 22:00,31,1,1,0,1,0,,,
1/24/2023 23:00,21,1,1,0,0,1,,,
1/25/2023 0:00,33,2,1,0,0,0,,,
1/25/2023 1:00,78,2,1,0,0,3,,,
1/25/2023 2:00,49,2,1,0,0,2,,,
1/25/2023 3:00,21,2,1,0,0,1,,,
1/25/2023 4:00,84,2,1,0,0,2,,,
1/25/2023 5:00,28,2,1,0,0,1,,,
1/25/2023 6:00,25,2,1,0,0,0,,,
1/25/2023 7:00,74,2,1,0,0,2,,,
1/25/2023 8:00,72,2,1,0,0,1,,,
1/25/2023 9:00,79,2,1,0,0,0,,,
1/25/2023 10:00,33,2,1,0,0,3,,,
1/25/2023 11:00,23,2,1,0,0,3,,,
1/25/2023 12:00,82,2,1,0,0,1,,,
1/25/2023 13:00,67,2,1,0,0,0,,,
1/25/2023 14:00,57,2,1,0,0,3,,,
1/25/2023 15:00,46,2,1,0,0,1,,, 
1/25/2023 16:00,67,2,1,0,0,2,,,
1/25/2023 17:00,49,2,1,0,0,2,,,
1/25/2023 18:00,71,2,1,0,0,0,,,
1/25/2023 19:00,31,2,1,0,0,1,,,
1/25/2023 20:00,31,2,1,0,0,0,,,
1/25/2023 21:00,88,2,1,0,0,2,,,
1/25/2023 22:00,48,2,1,0,0,0,,,
1/25/2023 23:00,58,2,1,0,0,1,,,
1/26/2023 0:00,31,3,1,0,0,0,,,
1/26/2023 1:00,43,3,1,0,0,2,,,
1/26/2023 2:00,90,3,1,0,0,0,,,
1/26/2023 3:00,22,3,1,0,0,0,,,
1/26/2023 4:00,59,3,1,0,0,1,,,
1/26/2023 5:00,53,3,1,0,0,2,,,
1/26/2023 6:00,41,3,1,0,0,1,,,
1/26/2023 7:00,82,3,1,0,0,0,,,
1/26/2023 8:00,22,3,1,0,0,3,,,
1/26/2023 9:00,31,3,1,0,0,3,,,
1/26/2023 10:00,46,3,1,0,0,2,,,
1/26/2023 11:00,61,3,1,0,0,0,,,
1/26/2023 12:00,71,3,1,0,0,2,,,
1/26/2023 13:00,32,3,1,0,0,0,,,
1/26/2023 14:00,44,3,1,0,0,1,,,
1/26/2023 15:00,56,3,1,0,0,0,,,
1/26/2023 16:00,75,3,1,0,0,3,,,
1/26/2023 17:00,75,3,1,0,0,0,,,
1/26/2023 18:00,23,3,1,0,0,0,,,
1/26/2023 19:00,26,3,1,0,0,2,,,
1/26/2023 20:00,86,3,1,0,0,1,,,
1/26/2023 21:00,61,3,1,0,0,3,,,
1/26/2023 22:00,24,3,1,0,0,2,,,
1/26/2023 23:00,55,3,1,0,0,0,,,
1/27/2023 0:00,81,4,1,0,0,1,,,
1/27/2023 1:00,25,4,1,0,0,3,,,
1/27/2023 2:00,33,4,1,0,0,2,,,
1/27/2023 3:00,56,4,1,0,1,2,,,
1/27/2023 4:00,41,4,1,0,0,0,,,
1/27/2023 5:00,45,4,1,0,0,3,,,
1/27/2023 6:00,63,4,1,0,0,2,,,
1/27/2023 7:00,67,4,1,0,0,2,,,
1/27/2023 8:00,27,4,1,0,0,0,,,
1/27/2023 9:00,26,4,1,0,0,3,,,
1/27/2023 10:00,40,4,1,0,0,0,,,
1/27/2023 11:00,74,4,1,0,0,2,,,
1/27/2023 12:00,58,4,1,0,0,2,,,
1/27/2023 13:00,44,4,1,0,0,1,,,
1/27/2023 14:00,61,4,1,0,0,2,,,
1/27/2023 15:00,24,4,1,0,0,2,,,
1/27/2023 16:00,82,4,1,0,0,0,,,
1/27/2023 17:00,31,4,1,0,0,2,,,
1/27/2023 18:00,31,4,1,0,0,3,,,
1/27/2023 19:00,88,4,1,0,0,1,,,
1/27/2023 20:00,77,4,1,0,0,1,,,
1/27/2023 21:00,32,4,1,0,0,3,,,
1/27/2023 22:00,68,4,1,0,0,2,,,
1/27/2023 23:00,24,4,1,0,0,1,,,
1/28/2023 0:00,31,5,1,1,0,2,,,
1/28/2023 1:00,86,5,1,1,0,1,,,
1/28/2023 2:00,38,5,1,1,1,0,,,
1/28/2023 3:00,51,5,1,1,0,1,,,
1/28/2023 4:00,47,5,1,1,0,1,,,
1/28/2023 5:00,37,5,1,1,0,0,,,
1/28/2023 6:00,81,5,1,1,0,3,,,
1/28/2023 7:00,56,5,1,1,0,3,,,
1/28/2023 8:00,46,5,1,1,0,2,,,
1/28/2023 9:00,39,5,1,1,0,0,,,
1/28/2023 10:00,68,5,1,1,0,1,,,
1/28/2023 11:00,65,5,1,1,0,2,,,
1/28/2023 12:00,63,5,1,1,0,1,,,
1/28/2023 13:00,29,5,1,1,0,0,,,
1/28/2023 14:00,87,5,1,1,0,1,,,
1/28/2023 15:00,56,5,1,1,0,2,,,
1/28/2023 16:00,68,5,1,1,0,2,,,
1/28/2023 17:00,24,5,1,1,0,0,,,
1/28/2023 18:00,72,5,1,1,0,2,,,
1/28/2023 19:00,89,5,1,1,0,3,,,
1/28/2023 20:00,38,5,1,1,0,1,,,
1/28/2023 21:00,42,5,1,1,0,0,,,
1/28/2023 22:00,83,5,1,1,0,1,,,
1/28/2023 23:00,62,5,1,1,0,0,,,
1/29/2023 0:00,75,6,1,1,0,0,,,
1/29/2023 1:00,81,6,1,1,0,1,,,
1/29/2023 2:00,42,6,1,1,0,0,,,
1/29/2023 3:00,62,6,1,1,0,1,,,
1/29/2023 4:00,34,6,1,1,0,0,,,
1/29/2023 5:00,63,6,1,1,0,1,,,
1/29/2023 6:00,53,6,1,1,0,1,,,
1/29/2023 7:00,29,6,1,1,0,3,,,
1/29/2023 8:00,24,6,1,1,0,3,,,
1/29/2023 9:00,84,6,1,1,0,1,,,
1/29/2023 10:00,64,6,1,1,0,2,,,
1/29/2023 11:00,20,6,1,1,0,1,,,
1/29/2023 12:00,74,6,1,1,0,1,,,
1/29/2023 13:00,64,6,1,1,0,1,,,
1/29/2023 14:00,77,6,1,1,0,2,,,
1/29/2023 15:00,59,6,1,1,0,1,,,
1/29/2023 16:00,60,6,1,1,0,1,,,
1/29/2023 17:00,74,6,1,1,0,2,,,
1/29/2023 18:00,24,6,1,1,0,3,,,
1/29/2023 19:00,86,6,1,1,0,3,,,
1/29/2023 20:00,30,6,1,1,0,3,,,
1/29/2023 21:00,87,6,1,1,0,1,,,
1/29/2023 22:00,56,6,1,1,0,3,,,
1/29/2023 23:00,20,6,1,1,0,2,,,
1/30/2023 0:00,32,0,1,0,0,1,,,
1/30/2023 1:00,25,0,1,0,0,0,,,
1/30/2023 2:00,23,0,1,0,0,0,,,
1/30/2023 3:00,83,0,1,0,0,3,,,
1/30/2023 4:00,84,0,1,0,0,1,,,
1/30/2023 5:00,58,0,1,0,0,1,,,
1/30/2023 6:00,84,0,1,0,0,3,,,
1/30/2023 7:00,90,0,1,0,0,2,,,
1/30/2023 8:00,73,0,1,0,1,2,,,
1/30/2023 9:00,56,0,1,0,0,0,,,
1/30/2023 10:00,82,0,1,0,0,3,,,
1/30/2023 11:00,80,0,1,0,0,3,,,
1/30/2023 12:00,80,0,1,0,0,1,,,
1/30/2023 13:00,55,0,1,0,0,3,,,
1/30/2023 14:00,75,0,1,0,0,3,,,
1/30/2023 15:00,72,0,1,0,0,1,,,
1/30/2023 16:00,36,0,1,0,0,1,,,
1/30/2023 17:00,32,0,1,0,0,3,,,
1/30/2023 18:00,89,0,1,0,0,1,,,
1/30/2023 19:00,78,0,1,0,0,1,,,
1/30/2023 20:00,65,0,1,0,0,2,,,
1/30/2023 21:00,36,0,1,0,0,3,,,
1/30/2023 22:00,35,0,1,0,0,2,,,
1/30/2023 23:00,63,0,1,0,0,3,,,
1/31/2023 0:00,26,1,1,0,0,2,,,
1/31/2023 1:00,32,1,1,0,0,0,,,
1/31/2023 2:00,37,1,1,0,0,2,,,
1/31/2023 3:00,29,1,1,0,1,1,,,
1/31/2023 4:00,33,1,1,0,0,3,,,
1/31/2023 5:00,49,1,1,0,0,2,,,
1/31/2023 6:00,40,1,1,0,0,3,,,
1/31/2023 7:00,28,1,1,0,0,2,,,
1/31/2023 8:00,30,1,1,0,0,0,,,
1/31/2023 9:00,24,1,1,0,0,2,,,
1/31/2023 10:00,38,1,1,0,0,2,,,
1/31/2023 11:00,27,1,1,0,0,3,,,
1/31/2023 12:00,33,1,1,0,0,2,,,
1/31/2023 13:00,80,1,1,0,0,3,,,
1/31/2023 14:00,33,1,1,0,0,2,,,
1/31/2023 15:00,76,1,1,0,0,0,,,
1/31/2023 16:00,89,1,1,0,0,1,,,
1/31/2023 17:00,76,1,1,0,0,2,,,
1/31/2023 18:00,56,1,1,0,0,1,,,
1/31/2023 19:00,35,1,1,0,1,0,,,
1/31/2023 20:00,71,1,1,0,0,2,,,
1/31/2023 21:00,77,1,1,0,0,1,,,
1/31/2023 22:00,27,1,1,0,0,3,,,
1/31/2023 23:00,30,1,1,0,0,3,,,
2/1/2023 0:00,87,2,2,0,0,3,,,
2/1/2023 1:00,46,2,2,0,0,1,,,
2/1/2023 2:00,76,2,2,0,0,1,,,
2/1/2023 3:00,32,2,2,0,0,3,,,
2/1/2023 4:00,41,2,2,0,0,1,,,
2/1/2023 5:00,43,2,2,0,0,3,,,
2/1/2023 6:00,53,2,2,0,0,1,,,
2/1/2023 7:00,26,2,2,0,0,0,,,
2/1/2023 8:00,24,2,2,0,0,3,,,
2/1/2023 9:00,44,2,2,0,0,0,,,
2/1/2023 10:00,77,2,2,0,0,1,,,
2/1/2023 11:00,48,2,2,0,0,3,,,
2/1/2023 12:00,47,2,2,0,0,0,,,
2/1/2023 13:00,31,2,2,0,0,3,,,
2/1/2023 14:00,36,2,2,0,0,0,,,
2/1/2023 15:00,53,2,2,0,0,1,,,
2/1/2023 16:00,61,2,2,0,0,3,,,
2/1/2023 17:00,31,2,2,0,0,1,,,
2/1/2023 18:00,41,2,2,0,0,2,,,
2/1/2023 19:00,70,2,2,0,0,3,,,
2/1/2023 20:00,74,2,2,0,0,0,,,
2/1/2023 21:00,41,2,2,0,0,0,,,
2/1/2023 22:00,42,2,2,0,0,1,,,
2/1/2023 23:00,69,2,2,0,0,3,,,
2/2/2023 0:00,58,3,2,0,0,1,,,
2/2/2023 1:00,55,3,2,0,0,3,,,
2/2/2023 2:00,85,3,2,0,0,3,,,
2/2/2023 3:00,84,3,2,0,0,3,,,
2/2/2023 4:00,38,3,2,0,0,1,,,
2/2/2023 5:00,78,3,2,0,0,0,,,
2/2/2023 6:00,90,3,2,0,0,3,,,
2/2/2023 7:00,43,3,2,0,0,0,,,
2/2/2023 8:00,35,3,2,0,0,0,,,
2/2/2023 9:00,65,3,2,0,0,2,,,
2/2/2023 10:00,49,3,2,0,0,0,,,
2/2/2023 11:00,25,3,2,0,0,0,,,
2/2/2023 12:00,87,3,2,0,0,1,,,
2/2/2023 13:00,83,3,2,0,0,3,,,
2/2/2023 14:00,22,3,2,0,0,0,,,
2/2/2023 15:00,81,3,2,0,0,3,,,
2/2/2023 16:00,66,3,2,0,0,1,,,
2/2/2023 17:00,51,3,2,0,0,3,,,
2/2/2023 18:00,41,3,2,0,0,3,,,
2/2/2023 19:00,83,3,2,0,0,2,,,
2/2/2023 20:00,60,3,2,0,0,1,,,
2/2/2023 21:00,79,3,2,0,0,1,,,
2/2/2023 22:00,65,3,2,0,0,3,,,
2/2/2023 23:00,83,3,2,0,0,0,,,
2/3/2023 0:00,29,4,2,0,0,0,,,
2/3/2023 1:00,81,4,2,0,0,2,,,
2/3/2023 2:00,58,4,2,0,0,1,,,
2/3/2023 3:00,27,4,2,0,0,1,,,
2/3/2023 4:00,89,4,2,0,0,3,,,
2/3/2023 5:00,43,4,2,0,0,2,,,
2/3/2023 6:00,37,4,2,0,0,3,,,
2/3/2023 7:00,61,4,2,0,0,1,,,
2/3/2023 8:00,33,4,2,0,0,0,,,
2/3/2023 9:00,31,4,2,0,0,0,,,
2/3/2023 10:00,68,4,2,0,0,0,,,
2/3/2023 11:00,39,4,2,0,0,2,,,
2/3/2023 12:00,34,4,2,0,0,2,,,
2/3/2023 13:00,35,4,2,0,0,3,,,
2/3/2023 14:00,40,4,2,0,0,0,,,
2/3/2023 15:00,58,4,2,0,0,1,,,
2/3/2023 16:00,72,4,2,0,0,3,,,
2/3/2023 17:00,87,4,2,0,0,2,,,
2/3/2023 18:00,21,4,2,0,0,0,,,
2/3/2023 19:00,59,4,2,0,0,2,,,
2/3/2023 20:00,66,4,2,0,0,2,,,
2/3/2023 21:00,47,4,2,0,0,0,,,
2/3/2023 22:00,21,4,2,0,0,1,,,
2/3/2023 23:00,56,4,2,0,0,3,,,
2/4/2023 0:00,34,5,2,1,0,1,,,
2/4/2023 1:00,22,5,2,1,0,3,,,
2/4/2023 2:00,70,5,2,1,0,3,,,
2/4/2023 3:00,38,5,2,1,0,1,,,
2/4/2023 4:00,74,5,2,1,0,1,,,
2/4/2023 5:00,89,5,2,1,0,3,,,
2/4/2023 6:00,59,5,2,1,0,1,,,
2/4/2023 7:00,26,5,2,1,0,1,,,
2/4/2023 8:00,56,5,2,1,0,2,,,
2/4/2023 9:00,60,5,2,1,0,2,,,
2/4/2023 10:00,29,5,2,1,0,3,,,
2/4/2023 11:00,47,5,2,1,0,3,,,
2/4/2023 12:00,83,5,2,1,0,1,,,
2/4/2023 13:00,69,5,2,1,0,2,,,
2/4/2023 14:00,24,5,2,1,0,0,,,
2/4/2023 15:00,24,5,2,1,0,0,,,
2/4/2023 16:00,75,5,2,1,0,1,,,
2/4/2023 17:00,62,5,2,1,0,3,,,
2/4/2023 18:00,44,5,2,1,0,1,,,
2/4/2023 19:00,56,5,2,1,0,2,,,
2/4/2023 20:00,35,5,2,1,0,1,,,
2/4/2023 21:00,61,5,2,1,0,0,,,
2/4/2023 22:00,33,5,2,1,0,0,,,
2/4/2023 23:00,28,5,2,1,0,2,,,
2/5/2023 0:00,88,6,2,1,0,1,,,
2/5/2023 1:00,22,6,2,1,0,3,,,
2/5/2023 2:00,84,6,2,1,0,2,,,
2/5/2023 3:00,28,6,2,1,0,3,,,
2/5/2023 4:00,90,6,2,1,0,0,,,
2/5/2023 5:00,87,6,2,1,0,2,,,
2/5/2023 6:00,90,6,2,1,0,2,,,
2/5/2023 7:00,64,6,2,1,0,0,,,
2/5/2023 8:00,77,6,2,1,0,3,,,
2/5/2023 9:00,31,6,2,1,0,2,,,
2/5/2023 10:00,66,6,2,1,0,2,,,
2/5/2023 11:00,31,6,2,1,0,0,,,
2/5/2023 12:00,86,6,2,1,0,1,,,
2/5/2023 13:00,29,6,2,1,0,3,,,
2/5/2023 14:00,87,6,2,1,0,2,,,
2/5/2023 15:00,85,6,2,1,0,3,,,
2/5/2023 16:00,76,6,2,1,0,3,,,
2/5/2023 17:00,21,6,2,1,0,3,,,
2/5/2023 18:00,36,6,2,1,0,3,,,
2/5/2023 19:00,60,6,2,1,0,3,,,
2/5/2023 20:00,70,6,2,1,0,1,,,
2/5/2023 21:00,90,6,2,1,0,0,,,
2/5/2023 22:00,60,6,2,1,0,1,,,
2/5/2023 23:00,79,6,2,1,0,2,,,
2/6/2023 0:00,43,0,2,0,0,0,,,
2/6/2023 1:00,60,0,2,0,0,3,,,
2/6/2023 2:00,53,0,2,0,0,3,,,
2/6/2023 3:00,57,0,2,0,0,3,,,
2/6/2023 4:00,37,0,2,0,0,3,,,
2/6/2023 5:00,60,0,2,0,0,0,,,
2/6/2023 6:00,76,0,2,0,0,3,,,
2/6/2023 7:00,64,0,2,0,0,3,,,
2/6/2023 8:00,66,0,2,0,0,1,,,
2/6/2023 9:00,34,0,2,0,0,3,,,
2/6/2023 10:00,56,0,2,0,0,2,,,
2/6/2023 11:00,55,0,2,0,0,2,,,
2/6/2023 12:00,81,0,2,0,0,3,,,
2/6/2023 13:00,74,0,2,0,0,1,,,
2/6/2023 14:00,33,0,2,0,0,3,,,
2/6/2023 15:00,52,0,2,0,0,2,,,
2/6/2023 16:00,29,0,2,0,0,3,,,
2/6/2023 17:00,21,0,2,0,0,0,,,
2/6/2023 18:00,73,0,2,0,0,2,,,
2/6/2023 19:00,79,0,2,0,0,3,,,
2/6/2023 20:00,31,0,2,0,0,3,,,
2/6/2023 21:00,32,0,2,0,0,1,,,
2/6/2023 22:00,55,0,2,0,0,0,,,
2/6/2023 23:00,38,0,2,0,0,1,,,
2/7/2023 0:00,34,1,2,0,0,0,,,
2/7/2023 1:00,61,1,2,0,0,0,,,
2/7/2023 2:00,69,1,2,0,0,2,,,
2/7/2023 3:00,25,1,2,0,0,0,,,
2/7/2023 4:00,70,1,2,0,0,0,,,
2/7/2023 5:00,25,1,2,0,0,0,,,
2/7/2023 6:00,26,1,2,0,0,1,,,
2/7/2023 7:00,29,1,2,0,0,1,,,
2/7/2023 8:00,83,1,2,0,0,0,,,
2/7/2023 9:00,68,1,2,0,0,2,,,
2/7/2023 10:00,31,1,2,0,0,1,,,
2/7/2023 11:00,48,1,2,0,0,1,,,
2/7/2023 12:00,68,1,2,0,0,1,,,
2/7/2023 13:00,26,1,2,0,0,3,,,
2/7/2023 14:00,76,1,2,0,0,3,,,
2/7/2023 15:00,88,1,2,0,0,3,,,
2/7/2023 16:00,77,1,2,0,0,1,,,
2/7/2023 17:00,38,1,2,0,0,1,,,
2/7/2023 18:00,44,1,2,0,0,1,,,
2/7/2023 19:00,67,1,2,0,0,2,,,
2/7/2023 20:00,54,1,2,0,0,2,,,
2/7/2023 21:00,71,1,2,0,0,3,,,
2/7/2023 22:00,35,1,2,0,0,1,,,
2/7/2023 23:00,32,1,2,0,0,3,,,
2/8/2023 0:00,29,2,2,0,0,3,,,
2/8/2023 1:00,30,2,2,0,0,0,,,
2/8/2023 2:00,32,2,2,0,0,2,,,
2/8/2023 3:00,58,2,2,0,0,0,,,
2/8/2023 4:00,20,2,2,0,0,0,,,
2/8/2023 5:00,39,2,2,0,0,0,,,
2/8/2023 6:00,48,2,2,0,0,2,,,
2/8/2023 7:00,33,2,2,0,0,2,,,
2/8/2023 8:00,82,2,2,0,0,0,,,
2/8/2023 9:00,68,2,2,0,0,1,,,
2/8/2023 10:00,72,2,2,0,0,2,,,
2/8/2023 11:00,79,2,2,0,0,1,,,
2/8/2023 12:00,35,2,2,0,0,2,,,
2/8/2023 13:00,68,2,2,0,0,0,,,
2/8/2023 14:00,60,2,2,0,0,1,,,
2/8/2023 15:00,69,2,2,0,0,2,,,
2/8/2023 16:00,66,2,2,0,0,3,,,
2/8/2023 17:00,52,2,2,0,0,0,,,
2/8/2023 18:00,49,2,2,0,0,2,,,
2/8/2023 19:00,41,2,2,0,0,2,,,
2/8/2023 20:00,29,2,2,0,0,2,,,
2/8/2023 21:00,43,2,2,0,0,0,,,
2/8/2023 22:00,52,2,2,0,0,2,,,
2/8/2023 23:00,62,2,2,0,0,1,,,
2/9/2023 0:00,23,3,2,0,0,2,,,
2/9/2023 1:00,67,3,2,0,0,3,,,
2/9/2023 2:00,80,3,2,0,0,1,,,
2/9/2023 3:00,47,3,2,0,0,2,,,
2/9/2023 4:00,24,3,2,0,0,2,,,
2/9/2023 5:00,21,3,2,0,0,1,,,
2/9/2023 6:00,50,3,2,0,0,2,,,
2/9/2023 7:00,53,3,2,0,0,1,,,
2/9/2023 8:00,32,3,2,0,0,2,,,
2/9/2023 9:00,69,3,2,0,0,0,,,
2/9/2023 10:00,43,3,2,0,0,3,,,
2/9/2023 11:00,61,3,2,0,0,2,,,
2/9/2023 12:00,73,3,2,0,0,0,,,
2/9/2023 13:00,60,3,2,0,0,3,,,
2/9/2023 14:00,73,3,2,0,0,3,,,
2/9/2023 15:00,22,3,2,0,0,0,,,
2/9/2023 16:00,29,3,2,0,0,3,,,
2/9/2023 17:00,85,3,2,0,0,1,,,
2/9/2023 18:00,71,3,2,0,0,2,,,
2/9/2023 19:00,89,3,2,0,0,3,,,
2/9/2023 20:00,58,3,2,0,0,0,,,
2/9/2023 21:00,40,3,2,0,0,1,,,
2/9/2023 22:00,83,3,2,0,0,0,,,
2/9/2023 23:00,79,3,2,0,0,3,,,
2/10/2023 0:00,81,4,2,0,0,2,,,
2/10/2023 1:00,23,4,2,0,0,2,,,
2/10/2023 2:00,60,4,2,0,0,3,,,
2/10/2023 3:00,32,4,2,0,0,0,,,
2/10/2023 4:00,70,4,2,0,0,3,,,
2/10/2023 5:00,26,4,2,0,0,0,,,
2/10/2023 6:00,48,4,2,0,0,2,,,
2/10/2023 7:00,60,4,2,0,0,0,,,
2/10/2023 8:00,62,4,2,0,1,1,,,
2/10/2023 9:00,67,4,2,0,0,3,,,
2/10/2023 10:00,33,4,2,0,0,0,,,
2/10/2023 11:00,76,4,2,0,0,0,,,
2/10/2023 12:00,90,4,2,0,0,2,,,
2/10/2023 13:00,25,4,2,0,0,3,,,
2/10/2023 14:00,87,4,2,0,0,1,,,
2/10/2023 15:00,36,4,2,0,0,3,,,
2/10/2023 16:00,58,4,2,0,0,0,,,
2/10/2023 17:00,40,4,2,0,0,3,,,
2/10/2023 18:00,52,4,2,0,0,2,,,
2/10/2023 19:00,62,4,2,0,0,1,,,
2/10/2023 20:00,50,4,2,0,0,3,,,
2/10/2023 21:00,60,4,2,0,0,2,,,
2/10/2023 22:00,37,4,2,0,0,0,,,
2/10/2023 23:00,78,4,2,0,0,3,,,
2/11/2023 0:00,72,5,2,1,0,1,,,
2/11/2023 1:00,21,5,2,1,0,3,,,
2/11/2023 2:00,40,5,2,1,0,3,,,
2/11/2023 3:00,64,5,2,1,0,2,,,
2/11/2023 4:00,27,5,2,1,0,1,,,
2/11/2023 5:00,81,5,2,1,0,0,,,
2/11/2023 6:00,88,5,2,1,0,2,,,
2/11/2023 7:00,34,5,2,1,1,1,,,
2/11/2023 8:00,54,5,2,1,0,1,,,
2/11/2023 9:00,75,5,2,1,0,2,,,
2/11/2023 10:00,60,5,2,1,0,3,,,
2/11/2023 11:00,46,5,2,1,0,3,,,
2/11/2023 12:00,27,5,2,1,0,0,,,
2/11/2023 13:00,28,5,2,1,0,0,,,
2/11/2023 14:00,43,5,2,1,0,1,,,
2/11/2023 15:00,28,5,2,1,0,1,,,
2/11/2023 16:00,78,5,2,1,0,0,,,
2/11/2023 17:00,53,5,2,1,0,3,,,
2/11/2023 18:00,44,5,2,1,0,1,,,
2/11/2023 19:00,49,5,2,1,0,2,,,
2/11/2023 20:00,41,5,2,1,0,3,,,
2/11/2023 21:00,44,5,2,1,0,1,,,
2/11/2023 22:00,38,5,2,1,0,3,,,
2/11/2023 23:00,74,5,2,1,0,2,,,
2/12/2023 0:00,84,6,2,1,0,3,,,
2/12/2023 1:00,22,6,2,1,0,0,,,
2/12/2023 2:00,38,6,2,1,0,1,,,
2/12/2023 3:00,41,6,2,1,1,2,,,
2/12/2023 4:00,36,6,2,1,0,2,,,
2/12/2023 5:00,40,6,2,1,0,1,,,
2/12/2023 6:00,82,6,2,1,0,1,,,
2/12/2023 7:00,41,6,2,1,0,3,,,
2/12/2023 8:00,80,6,2,1,0,3,,,
2/12/2023 9:00,28,6,2,1,0,3,,,
2/12/2023 10:00,67,6,2,1,0,3,,,
2/12/2023 11:00,54,6,2,1,0,2,,,
2/12/2023 12:00,88,6,2,1,0,3,,,
2/12/2023 13:00,54,6,2,1,0,3,,,
2/12/2023 14:00,40,6,2,1,0,0,,,
2/12/2023 15:00,35,6,2,1,0,2,,,
2/12/2023 16:00,81,6,2,1,0,1,,,
2/12/2023 17:00,69,6,2,1,0,1,,,
2/12/2023 18:00,74,6,2,1,0,1,,,
2/12/2023 19:00,74,6,2,1,0,3,,,
2/12/2023 20:00,49,6,2,1,1,2,,,
2/12/2023 21:00,52,6,2,1,0,3,,,
2/12/2023 22:00,76,6,2,1,0,1,,,
2/12/2023 23:00,22,6,2,1,0,1,,,
2/13/2023 0:00,64,0,2,0,0,0,,,
2/13/2023 1:00,31,0,2,0,0,2,,,
2/13/2023 2:00,46,0,2,0,0,1,,,
2/13/2023 3:00,82,0,2,0,0,3,,,
2/13/2023 4:00,49,0,2,0,0,2,,,
2/13/2023 5:00,73,0,2,0,0,1,,,
2/13/2023 6:00,30,0,2,0,0,3,,,
2/13/2023 7:00,63,0,2,0,0,1,,,
2/13/2023 8:00,55,0,2,0,0,1,,,
2/13/2023 9:00,30,0,2,0,1,3,,,
2/13/2023 10:00,56,0,2,0,0,3,,,
2/13/2023 11:00,66,0,2,0,0,1,,,
2/13/2023 12:00,77,0,2,0,0,2,,,
2/13/2023 13:00,26,0,2,0,0,2,,,
2/13/2023 14:00,65,0,2,0,0,3,,,
2/13/2023 15:00,27,0,2,0,0,2,,,
2/13/2023 16:00,49,0,2,0,0,3,,,
2/13/2023 17:00,60,0,2,0,0,2,,,
2/13/2023 18:00,69,0,2,0,0,2,,,
2/13/2023 19:00,37,0,2,0,0,1,,,
2/13/2023 20:00,49,0,2,0,0,3,,,
2/13/2023 21:00,74,0,2,0,0,3,,,
2/13/2023 22:00,34,0,2,0,0,3,,,
2/13/2023 23:00,84,0,2,0,0,0,,,
2/14/2023 0:00,76,1,2,0,0,2,,,
2/14/2023 1:00,56,1,2,0,0,0,,,
2/14/2023 2:00,49,1,2,0,0,1,,,
2/14/2023 3:00,46,1,2,0,0,2,,,
2/14/2023 4:00,44,1,2,0,0,2,,,
2/14/2023 5:00,39,1,2,0,0,3,,,
2/14/2023 6:00,43,1,2,0,0,0,,,
2/14/2023 7:00,44,1,2,0,0,1,,,
2/14/2023 8:00,69,1,2,0,0,1,,,
2/14/2023 9:00,81,1,2,0,0,1,,,
2/14/2023 10:00,34,1,2,0,0,2,,,
2/14/2023 11:00,52,1,2,0,0,0,,,
2/14/2023 12:00,87,1,2,0,0,1,,,
2/14/2023 13:00,67,1,2,0,0,2,,,
2/14/2023 14:00,59,1,2,0,0,3,,,
2/14/2023 15:00,31,1,2,0,0,3,,,
2/14/2023 16:00,66,1,2,0,0,1,,,
2/14/2023 17:00,27,1,2,0,0,2,,,
2/14/2023 18:00,64,1,2,0,0,3,,,
2/14/2023 19:00,80,1,2,0,0,3,,,
2/14/2023 20:00,56,1,2,0,0,3,,,
2/14/2023 21:00,30,1,2,0,0,3,,,
2/14/2023 22:00,54,1,2,0,0,3,,,
2/14/2023 23:00,89,1,2,0,0,0,,,
2/15/2023 0:00,74,2,2,0,0,3,,,
2/15/2023 1:00,76,2,2,0,0,1,,,
2/15/2023 2:00,81,2,2,0,0,0,,,
2/15/2023 3:00,59,2,2,0,0,2,,,
2/15/2023 4:00,72,2,2,0,0,2,,,
2/15/2023 5:00,89,2,2,0,1,0,,,
2/15/2023 6:00,63,2,2,0,0,2,,,
2/15/2023 7:00,46,2,2,0,0,1,,,
2/15/2023 8:00,88,2,2,0,0,1,,,
2/15/2023 9:00,54,2,2,0,0,2,,,
2/15/2023 10:00,28,2,2,0,0,0,,,
2/15/2023 11:00,55,2,2,0,0,1,,,
2/15/2023 12:00,68,2,2,0,0,0,,,
2/15/2023 13:00,52,2,2,0,0,1,,,
2/15/2023 14:00,22,2,2,0,0,1,,,
2/15/2023 15:00,88,2,2,0,0,1,,,
2/15/2023 16:00,45,2,2,0,0,2,,,
2/15/2023 17:00,24,2,2,0,0,0,,,
2/15/2023 18:00,41,2,2,0,0,1,,,
2/15/2023 19:00,52,2,2,0,0,3,,,
2/15/2023 20:00,34,2,2,0,0,3,,,
2/15/2023 21:00,83,2,2,0,0,1,,,
2/15/2023 22:00,65,2,2,0,0,1,,,
2/15/2023 23:00,82,2,2,0,0,0,,,
2/16/2023 0:00,49,3,2,0,0,0,,,
2/16/2023 1:00,25,3,2,0,1,3,,,
2/16/2023 2:00,58,3,2,0,0,3,,,
2/16/2023 3:00,39,3,2,0,0,1,,,
2/16/2023 4:00,55,3,2,0,0,0,,,
2/16/2023 5:00,42,3,2,0,0,3,,,
2/16/2023 6:00,30,3,2,0,0,0,,,
2/16/2023 7:00,72,3,2,0,0,2,,,
2/16/2023 8:00,31,3,2,0,0,2,,,
2/16/2023 9:00,82,3,2,0,0,3,,,
2/16/2023 10:00,65,3,2,0,0,1,,,
2/16/2023 11:00,33,3,2,0,0,1,,,
2/16/2023 12:00,36,3,2,0,0,3,,,
2/16/2023 13:00,67,3,2,0,0,1,,,
2/16/2023 14:00,50,3,2,0,0,3,,,
2/16/2023 15:00,35,3,2,0,0,3,,,
2/16/2023 16:00,43,3,2,0,0,0,,,
2/16/2023 17:00,69,3,2,0,0,1,,,
2/16/2023 18:00,65,3,2,0,0,2,,,
2/16/2023 19:00,28,3,2,0,0,1,,,
2/16/2023 20:00,72,3,2,0,0,0,,,
2/16/2023 21:00,35,3,2,0,0,2,,,
2/16/2023 22:00,32,3,2,0,0,2,,,
2/16/2023 23:00,58,3,2,0,0,2,,,
2/17/2023 0:00,50,4,2,0,0,1,,,
2/17/2023 1:00,76,4,2,0,0,1,,,
2/17/2023 2:00,81,4,2,0,0,3,,,
2/17/2023 3:00,40,4,2,0,0,3,,,
2/17/2023 4:00,32,4,2,0,0,2,,,
2/17/2023 5:00,23,4,2,0,0,3,,,
2/17/2023 6:00,47,4,2,0,0,3,,,
2/17/2023 7:00,88,4,2,0,0,1,,,
2/17/2023 8:00,60,4,2,0,0,0,,,
2/17/2023 9:00,84,4,2,0,0,3,,,
2/17/2023 10:00,41,4,2,0,0,3,,,
2/17/2023 11:00,44,4,2,0,0,2,,,
2/17/2023 12:00,25,4,2,0,0,1,,,
2/17/2023 13:00,60,4,2,0,0,3,,,
2/17/2023 14:00,58,4,2,0,0,1,,,
2/17/2023 15:00,57,4,2,0,0,0,,,
2/17/2023 16:00,81,4,2,0,0,2,,,
2/17/2023 17:00,65,4,2,0,0,3,,,
2/17/2023 18:00,89,4,2,0,0,3,,,
2/17/2023 19:00,35,4,2,0,0,1,,,
2/17/2023 20:00,87,4,2,0,0,3,,,
2/17/2023 21:00,43,4,2,0,0,1,,,
2/17/2023 22:00,31,4,2,0,0,1,,,
2/17/2023 23:00,41,4,2,0,0,2,,,
2/18/2023 0:00,47,5,2,1,0,3,,,
2/18/2023 1:00,86,5,2,1,0,0,,,
2/18/2023 2:00,70,5,2,1,0,2,,,
2/18/2023 3:00,31,5,2,1,0,1,,,
2/18/2023 4:00,49,5,2,1,0,0,,,
2/18/2023 5:00,31,5,2,1,0,0,,,
2/18/2023 6:00,45,5,2,1,0,3,,,
2/18/2023 7:00,24,5,2,1,0,3,,,
2/18/2023 8:00,59,5,2,1,0,0,,,
2/18/2023 9:00,58,5,2,1,0,3,,,
2/18/2023 10:00,24,5,2,1,0,0,,,
2/18/2023 11:00,54,5,2,1,0,2,,,
2/18/2023 12:00,33,5,2,1,0,3,,,
2/18/2023 13:00,30,5,2,1,0,3,,,
2/18/2023 14:00,79,5,2,1,0,0,,,
2/18/2023 15:00,69,5,2,1,0,2,,,
2/18/2023 16:00,56,5,2,1,0,2,,,
2/18/2023 17:00,57,5,2,1,0,3,,,
2/18/2023 18:00,90,5,2,1,0,3,,,
2/18/2023 19:00,58,5,2,1,0,3,,,
2/18/2023 20:00,79,5,2,1,0,0,,,
2/18/2023 21:00,71,5,2,1,0,1,,,
2/18/2023 22:00,46,5,2,1,0,3,,,
2/18/2023 23:00,52,5,2,1,0,1,,,
2/19/2023 0:00,71,6,2,1,0,3,,,
2/19/2023 1:00,73,6,2,1,1,2,,,
2/19/2023 2:00,51,6,2,1,0,1,,,
2/19/2023 3:00,84,6,2,1,0,2,,,
2/19/2023 4:00,77,6,2,1,0,3,,,
2/19/2023 5:00,74,6,2,1,0,2,,,
2/19/2023 6:00,43,6,2,1,0,1,,,
2/19/2023 7:00,61,6,2,1,0,1,,,
2/19/2023 8:00,68,6,2,1,1,3,,,
2/19/2023 9:00,51,6,2,1,0,0,,,
2/19/2023 10:00,39,6,2,1,0,3,,,
2/19/2023 11:00,66,6,2,1,0,2,,,
2/19/2023 12:00,61,6,2,1,0,2,,,
2/19/2023 13:00,73,6,2,1,0,0,,,
2/19/2023 14:00,83,6,2,1,0,3,,,
2/19/2023 15:00,66,6,2,1,0,2,,,
2/19/2023 16:00,90,6,2,1,0,2,,,
2/19/2023 17:00,22,6,2,1,0,0,,,
2/19/2023 18:00,26,6,2,1,0,1,,,
2/19/2023 19:00,46,6,2,1,0,2,,,
2/19/2023 20:00,77,6,2,1,0,0,,,
2/19/2023 21:00,61,6,2,1,1,3,,,
2/19/2023 22:00,31,6,2,1,0,0,,,
2/19/2023 23:00,57,6,2,1,0,3,,,
2/20/2023 0:00,65,0,2,0,0,1,,,
2/20/2023 1:00,31,0,2,0,0,2,,,
2/20/2023 2:00,84,0,2,0,0,0,,,
2/20/2023 3:00,21,0,2,0,0,3,,,
2/20/2023 4:00,86,0,2,0,0,2,,,
2/20/2023 5:00,45,0,2,0,0,3,,,
2/20/2023 6:00,86,0,2,0,0,0,,,
2/20/2023 7:00,41,0,2,0,0,0,,,
2/20/2023 8:00,86,0,2,0,0,0,,,
2/20/2023 9:00,76,0,2,0,0,1,,,
2/20/2023 10:00,86,0,2,0,0,0,,,
2/20/2023 11:00,40,0,2,0,0,3,,,
2/20/2023 12:00,24,0,2,0,0,3,,,
2/20/2023 13:00,42,0,2,0,0,3,,,
2/20/2023 14:00,39,0,2,0,0,1,,,
2/20/2023 15:00,31,0,2,0,0,0,,,
2/20/2023 16:00,77,0,2,0,0,3,,,
2/20/2023 17:00,29,0,2,0,0,1,,,
2/20/2023 18:00,73,0,2,0,0,3,,,
2/20/2023 19:00,68,0,2,0,0,0,,,
2/20/2023 20:00,36,0,2,0,0,1,,,
2/20/2023 21:00,54,0,2,0,0,3,,,
2/20/2023 22:00,36,0,2,0,1,3,,,
2/20/2023 23:00,79,0,2,0,0,2,,,
2/21/2023 0:00,41,1,2,0,0,1,,,
2/21/2023 1:00,28,1,2,0,0,1,,,
2/21/2023 2:00,46,1,2,0,0,3,,,
2/21/2023 3:00,33,1,2,0,0,3,,,
2/21/2023 4:00,23,1,2,0,0,1,,,
2/21/2023 5:00,33,1,2,0,0,0,,,
2/21/2023 6:00,66,1,2,0,0,3,,,
2/21/2023 7:00,31,1,2,0,0,2,,,
2/21/2023 8:00,21,1,2,0,0,2,,,
2/21/2023 9:00,39,1,2,0,0,3,,,
2/21/2023 10:00,77,1,2,0,0,2,,,
2/21/2023 11:00,25,1,2,0,0,2,,,
2/21/2023 12:00,68,1,2,0,1,2,,,
2/21/2023 13:00,80,1,2,0,0,0,,,
2/21/2023 14:00,27,1,2,0,0,0,,,
2/21/2023 15:00,23,1,2,0,0,0,,,
2/21/2023 16:00,80,1,2,0,0,3,,,
2/21/2023 17:00,60,1,2,0,0,0,,,
2/21/2023 18:00,70,1,2,0,0,2,,,
2/21/2023 19:00,24,1,2,0,0,0,,,
2/21/2023 20:00,69,1,2,0,0,2,,,
2/21/2023 21:00,45,1,2,0,0,1,,,
2/21/2023 22:00,48,1,2,0,0,1,,,
2/21/2023 23:00,77,1,2,0,0,0,,,
2/22/2023 0:00,54,2,2,0,0,3,,,
2/22/2023 1:00,89,2,2,0,0,0,,,
2/22/2023 2:00,21,2,2,0,0,3,,,
2/22/2023 3:00,21,2,2,0,0,3,,,
2/22/2023 4:00,27,2,2,0,0,0,,,
2/22/2023 5:00,71,2,2,0,0,0,,,
2/22/2023 6:00,71,2,2,0,0,3,,,
2/22/2023 7:00,87,2,2,0,0,2,,,
2/22/2023 8:00,42,2,2,0,0,3,,,
2/22/2023 9:00,66,2,2,0,1,1,,,
2/22/2023 10:00,43,2,2,0,0,1,,,
2/22/2023 11:00,35,2,2,0,0,1,,,
2/22/2023 12:00,42,2,2,0,0,2,,,
2/22/2023 13:00,32,2,2,0,0,1,,,
2/22/2023 14:00,50,2,2,0,0,1,,,
2/22/2023 15:00,28,2,2,0,0,2,,,
2/22/2023 16:00,60,2,2,0,0,1,,,
2/22/2023 17:00,39,2,2,0,0,1,,,
2/22/2023 18:00,46,2,2,0,0,2,,,
2/22/2023 19:00,51,2,2,0,0,2,,,
2/22/2023 20:00,53,2,2,0,0,3,,,
2/22/2023 21:00,32,2,2,0,0,1,,,
2/22/2023 22:00,30,2,2,0,0,1,,,
2/22/2023 23:00,43,2,2,0,0,1,,,
2/23/2023 0:00,55,3,2,0,0,2,,,
2/23/2023 1:00,77,3,2,0,0,0,,,
2/23/2023 2:00,26,3,2,0,0,3,,,
2/23/2023 3:00,89,3,2,0,1,3,,,
2/23/2023 4:00,66,3,2,0,0,3,,,
2/23/2023 5:00,24,3,2,0,0,0,,,
2/23/2023 6:00,41,3,2,0,0,2,,,
2/23/2023 7:00,44,3,2,0,0,2,,,
2/23/2023 8:00,56,3,2,0,0,2,,,
2/23/2023 9:00,48,3,2,0,0,1,,,
2/23/2023 10:00,25,3,2,0,0,1,,,
2/23/2023 11:00,76,3,2,0,0,3,,,
2/23/2023 12:00,48,3,2,0,0,0,,,
2/23/2023 13:00,71,3,2,0,0,2,,,
2/23/2023 14:00,51,3,2,0,0,2,,,
2/23/2023 15:00,68,3,2,0,0,2,,,
2/23/2023 16:00,45,3,2,0,0,0,,,
2/23/2023 17:00,75,3,2,0,0,3,,,
2/23/2023 18:00,37,3,2,0,0,2,,,
2/23/2023 19:00,35,3,2,0,0,2,,,
2/23/2023 20:00,55,3,2,0,0,2,,,
2/23/2023 21:00,42,3,2,0,0,0,,,
2/23/2023 22:00,65,3,2,0,0,1,,,
2/23/2023 23:00,60,3,2,0,0,3,,,
2/24/2023 0:00,82,4,2,0,0,3,,,
2/24/2023 1:00,42,4,2,0,0,2,,,
2/24/2023 2:00,37,4,2,0,0,2,,,
2/24/2023 3:00,64,4,2,0,0,3,,,
2/24/2023 4:00,64,4,2,0,0,0,,,
2/24/2023 5:00,58,4,2,0,0,0,,,
2/24/2023 6:00,88,4,2,0,0,2,,,
2/24/2023 7:00,66,4,2,0,0,1,,,
2/24/2023 8:00,36,4,2,0,0,2,,,
2/24/2023 9:00,32,4,2,0,0,0,,,
2/24/2023 10:00,59,4,2,0,0,3,,,
2/24/2023 11:00,53,4,2,0,0,2,,,
2/24/2023 12:00,73,4,2,0,0,0,,,
2/24/2023 13:00,76,4,2,0,0,3,,,
2/24/2023 14:00,50,4,2,0,0,1,,,
2/24/2023 15:00,35,4,2,0,0,3,,,
2/24/2023 16:00,69,4,2,0,0,3,,,
2/24/2023 17:00,31,4,2,0,0,2,,,
2/24/2023 18:00,21,4,2,0,0,2,,,
2/24/2023 19:00,26,4,2,0,0,0,,,
2/24/2023 20:00,80,4,2,0,0,0,,,
2/24/2023 21:00,56,4,2,0,1,1,,,
2/24/2023 22:00,63,4,2,0,0,1,,,
2/24/2023 23:00,61,4,2,0,0,2,,,
2/25/2023 0:00,88,5,2,1,0,1,,,
2/25/2023 1:00,57,5,2,1,0,1,,,
2/25/2023 2:00,58,5,2,1,0,2,,,
2/25/2023 3:00,82,5,2,1,0,3,,,
2/25/2023 4:00,36,5,2,1,0,3,,,
2/25/2023 5:00,73,5,2,1,0,1,,,
2/25/2023 6:00,84,5,2,1,0,3,,,
2/25/2023 7:00,76,5,2,1,0,1,,,
2/25/2023 8:00,40,5,2,1,0,0,,,
2/25/2023 9:00,87,5,2,1,0,3,,,
2/25/2023 10:00,24,5,2,1,0,2,,,
2/25/2023 11:00,64,5,2,1,1,2,,,
2/25/2023 12:00,76,5,2,1,0,3,,,
2/25/2023 13:00,40,5,2,1,0,3,,,
2/25/2023 14:00,72,5,2,1,0,1,,,
2/25/2023 15:00,86,5,2,1,0,3,,,
2/25/2023 16:00,52,5,2,1,0,0,,,
2/25/2023 17:00,39,5,2,1,0,1,,,
2/25/2023 18:00,22,5,2,1,0,2,,,
2/25/2023 19:00,82,5,2,1,0,2,,,
2/25/2023 20:00,87,5,2,1,0,1,,,
2/25/2023 21:00,84,5,2,1,0,2,,,
2/25/2023 22:00,22,5,2,1,0,1,,,
2/25/2023 23:00,38,5,2,1,0,3,,,
2/26/2023 0:00,31,6,2,1,0,1,,,
2/26/2023 1:00,36,6,2,1,0,1,,,
2/26/2023 2:00,30,6,2,1,0,0,,,
2/26/2023 3:00,43,6,2,1,0,2,,,
2/26/2023 4:00,65,6,2,1,0,2,,,
2/26/2023 5:00,65,6,2,1,0,3,,,
2/26/2023 6:00,83,6,2,1,0,0,,,
2/26/2023 7:00,71,6,2,1,0,2,,,
2/26/2023 8:00,36,6,2,1,0,2,,,
2/26/2023 9:00,49,6,2,1,0,2,,,
2/26/2023 10:00,80,6,2,1,0,3,,,
2/26/2023 11:00,36,6,2,1,0,2,,,
2/26/2023 12:00,43,6,2,1,0,0,,,
2/26/2023 13:00,51,6,2,1,0,1,,,
2/26/2023 14:00,32,6,2,1,0,3,,,
2/26/2023 15:00,69,6,2,1,0,1,,,
2/26/2023 16:00,80,6,2,1,0,2,,,
2/26/2023 17:00,69,6,2,1,0,0,,,
2/26/2023 18:00,26,6,2,1,0,0,,,
2/26/2023 19:00,47,6,2,1,0,3,,,
2/26/2023 20:00,58,6,2,1,0,1,,,
2/26/2023 21:00,72,6,2,1,0,0,,,
2/26/2023 22:00,69,6,2,1,0,1,,,
2/26/2023 23:00,74,6,2,1,0,1,,,
2/27/2023 0:00,35,0,2,0,0,2,,,
2/27/2023 1:00,40,0,2,0,0,0,,,
2/27/2023 2:00,20,0,2,0,0,2,,,
2/27/2023 3:00,30,0,2,0,0,2,,,
2/27/2023 4:00,43,0,2,0,0,1,,,
2/27/2023 5:00,76,0,2,0,0,1,,,
2/27/2023 6:00,46,0,2,0,0,2,,,
2/27/2023 7:00,55,0,2,0,0,0,,,
2/27/2023 8:00,84,0,2,0,0,3,,,
2/27/2023 9:00,63,0,2,0,0,0,,,
2/27/2023 10:00,49,0,2,0,0,0,,,
2/27/2023 11:00,20,0,2,0,0,1,,,
2/27/2023 12:00,20,0,2,0,0,0,,,
2/27/2023 13:00,58,0,2,0,0,0,,,
2/27/2023 14:00,30,0,2,0,0,3,,,
2/27/2023 15:00,22,0,2,0,0,3,,,
2/27/2023 16:00,85,0,2,0,0,1,,,
2/27/2023 17:00,75,0,2,0,0,2,,,
2/27/2023 18:00,86,0,2,0,0,2,,,
2/27/2023 19:00,56,0,2,0,0,0,,,
2/27/2023 20:00,71,0,2,0,0,1,,,
2/27/2023 21:00,45,0,2,0,0,1,,,
2/27/2023 22:00,30,0,2,0,0,3,,,
2/27/2023 23:00,76,0,2,0,0,1,,,
2/28/2023 0:00,81,1,2,0,0,1,,,
2/28/2023 1:00,46,1,2,0,0,2,,,
2/28/2023 2:00,57,1,2,0,0,2,,,
2/28/2023 3:00,46,1,2,0,0,3,,,
2/28/2023 4:00,56,1,2,0,0,1,,,
2/28/2023 5:00,26,1,2,0,0,0,,,
2/28/2023 6:00,36,1,2,0,0,3,,,
2/28/2023 7:00,64,1,2,0,0,1,,,
2/28/2023 8:00,34,1,2,0,0,3,,,
2/28/2023 9:00,49,1,2,0,0,0,,,
2/28/2023 10:00,32,1,2,0,0,2,,,
2/28/2023 11:00,26,1,2,0,0,2,,,
2/28/2023 12:00,32,1,2,0,0,0,,,
2/28/2023 13:00,23,1,2,0,0,3,,,
2/28/2023 14:00,33,1,2,0,0,3,,,
2/28/2023 15:00,38,1,2,0,0,1,,,
2/28/2023 16:00,48,1,2,0,0,0,,,
2/28/2023 17:00,28,1,2,0,0,3,,,
2/28/2023 18:00,90,1,2,0,0,2,,,
2/28/2023 19:00,25,1,2,0,0,0,,,
2/28/2023 20:00,70,1,2,0,0,1,,,
2/28/2023 21:00,42,1,2,0,0,1,,,
2/28/2023 22:00,72,1,2,0,0,2,,,
2/28/2023 23:00,64,1,2,0,0,2,,,
3/1/2023 0:00,29,2,3,0,0,1,,,
3/1/2023 1:00,87,2,3,0,0,2,,,
3/1/2023 2:00,79,2,3,0,0,0,,,
3/1/2023 3:00,51,2,3,0,0,1,,,
3/1/2023 4:00,52,2,3,0,0,0,,,
3/1/2023 5:00,21,2,3,0,0,2,,,
3/1/2023 6:00,72,2,3,0,0,0,,,
3/1/2023 7:00,76,2,3,0,0,2,,,
3/1/2023 8:00,76,2,3,0,0,2,,,
3/1/2023 9:00,68,2,3,0,0,2,,,
3/1/2023 10:00,20,2,3,0,0,3,,,
3/1/2023 11:00,35,2,3,0,0,2,,,
3/1/2023 12:00,86,2,3,0,0,2,,,
3/1/2023 13:00,83,2,3,0,0,2,,,
3/1/2023 14:00,40,2,3,0,0,0,,,
3/1/2023 15:00,62,2,3,0,0,0,,,
3/1/2023 16:00,73,2,3,0,0,2,,,
3/1/2023 17:00,84,2,3,0,0,0,,,
3/1/2023 18:00,64,2,3,0,0,3,,,
3/1/2023 19:00,23,2,3,0,0,0,,,
3/1/2023 20:00,25,2,3,0,0,2,,,
3/1/2023 21:00,27,2,3,0,1,2,,,
3/1/2023 22:00,20,2,3,0,0,2,,,
3/1/2023 23:00,85,2,3,0,0,0,,,
3/2/2023 0:00,77,3,3,0,0,2,,,
3/2/2023 1:00,47,3,3,0,0,1,,,
3/2/2023 2:00,53,3,3,0,0,3,,,
3/2/2023 3:00,77,3,3,0,0,0,,,
3/2/2023 4:00,21,3,3,0,1,2,,,
3/2/2023 5:00,56,3,3,0,0,1,,,
3/2/2023 6:00,70,3,3,0,0,0,,,
3/2/2023 7:00,34,3,3,0,0,3,,,
3/2/2023 8:00,89,3,3,0,0,0,,,
3/2/2023 9:00,49,3,3,0,0,2,,,
3/2/2023 10:00,26,3,3,0,0,0,,,
3/2/2023 11:00,34,3,3,0,0,3,,,
3/2/2023 12:00,86,3,3,0,0,3,,,
3/2/2023 13:00,26,3,3,0,0,2,,,
3/2/2023 14:00,78,3,3,0,0,2,,,
3/2/2023 15:00,87,3,3,0,0,3,,,
3/2/2023 16:00,71,3,3,0,0,2,,,
3/2/2023 17:00,74,3,3,0,0,0,,,
3/2/2023 18:00,79,3,3,0,0,3,,,
3/2/2023 19:00,63,3,3,0,0,0,,,
3/2/2023 20:00,42,3,3,0,0,0,,,
3/2/2023 21:00,69,3,3,0,1,3,,,
3/2/2023 22:00,72,3,3,0,1,0,,,
3/2/2023 23:00,55,3,3,0,0,0,,,
3/3/2023 0:00,73,4,3,0,0,3,,,
3/3/2023 1:00,57,4,3,0,0,1,,,
3/3/2023 2:00,77,4,3,0,0,3,,,
3/3/2023 3:00,64,4,3,0,0,1,,,
3/3/2023 4:00,48,4,3,0,0,0,,,
3/3/2023 5:00,41,4,3,0,0,1,,,
3/3/2023 6:00,72,4,3,0,0,3,,,
3/3/2023 7:00,27,4,3,0,0,1,,,
3/3/2023 8:00,40,4,3,0,0,1,,,
3/3/2023 9:00,79,4,3,0,0,1,,,
3/3/2023 10:00,29,4,3,0,0,0,,,
3/3/2023 11:00,78,4,3,0,0,2,,,
3/3/2023 12:00,28,4,3,0,0,2,,,
3/3/2023 13:00,26,4,3,0,0,1,,,
3/3/2023 14:00,73,4,3,0,0,0,,,
3/3/2023 15:00,20,4,3,0,0,2,,,
3/3/2023 16:00,33,4,3,0,0,3,,,
3/3/2023 17:00,78,4,3,0,0,0,,,
3/3/2023 18:00,82,4,3,0,0,3,,,
3/3/2023 19:00,86,4,3,0,0,1,,,
3/3/2023 20:00,72,4,3,0,0,2,,,
3/3/2023 21:00,51,4,3,0,0,1,,,
3/3/2023 22:00,69,4,3,0,0,3,,,
3/3/2023 23:00,52,4,3,0,0,2,,,
3/4/2023 0:00,21,5,3,1,0,3,,,
3/4/2023 1:00,66,5,3,1,0,0,,,
3/4/2023 2:00,60,5,3,1,0,0,,,
3/4/2023 3:00,83,5,3,1,0,2,,,
3/4/2023 4:00,44,5,3,1,0,3,,,
3/4/2023 5:00,55,5,3,1,0,1,,,
3/4/2023 6:00,74,5,3,1,0,1,,,
3/4/2023 7:00,89,5,3,1,0,1,,,
3/4/2023 8:00,22,5,3,1,0,3,,,
3/4/2023 9:00,55,5,3,1,0,1,,,
3/4/2023 10:00,59,5,3,1,0,0,,,
3/4/2023 11:00,59,5,3,1,0,1,,,
3/4/2023 12:00,57,5,3,1,0,1,,,
3/4/2023 13:00,28,5,3,1,0,3,,,
3/4/2023 14:00,67,5,3,1,0,1,,,
3/4/2023 15:00,75,5,3,1,0,0,,,
3/4/2023 16:00,52,5,3,1,0,1,,,
3/4/2023 17:00,69,5,3,1,0,2,,,
3/4/2023 18:00,28,5,3,1,0,3,,,
3/4/2023 19:00,74,5,3,1,0,3,,,
3/4/2023 20:00,75,5,3,1,0,2,,,
3/4/2023 21:00,24,5,3,1,0,3,,,
3/4/2023 22:00,47,5,3,1,0,3,,,
3/4/2023 23:00,74,5,3,1,0,3,,,
3/5/2023 0:00,74,6,3,1,0,1,,,
3/5/2023 1:00,44,6,3,1,0,0,,,
3/5/2023 2:00,52,6,3,1,0,2,,,
3/5/2023 3:00,66,6,3,1,0,3,,,
3/5/2023 4:00,70,6,3,1,1,2,,,
3/5/2023 5:00,76,6,3,1,0,3,,,
3/5/2023 6:00,59,6,3,1,0,1,,,
3/5/2023 7:00,40,6,3,1,0,1,,,
3/5/2023 8:00,83,6,3,1,0,0,,,
3/5/2023 9:00,45,6,3,1,0,3,,,
3/5/2023 10:00,69,6,3,1,0,2,,,
3/5/2023 11:00,76,6,3,1,0,1,,,
3/5/2023 12:00,75,6,3,1,0,3,,,
3/5/2023 13:00,37,6,3,1,0,1,,,
3/5/2023 14:00,24,6,3,1,0,1,,,
3/5/2023 15:00,31,6,3,1,0,3,,,
3/5/2023 16:00,81,6,3,1,0,3,,,
3/5/2023 17:00,56,6,3,1,0,2,,,
3/5/2023 18:00,58,6,3,1,0,2,,,
3/5/2023 19:00,31,6,3,1,0,3,,,
3/5/2023 20:00,48,6,3,1,0,0,,,
3/5/2023 21:00,60,6,3,1,0,3,,,
3/5/2023 22:00,57,6,3,1,0,3,,,
3/5/2023 23:00,72,6,3,1,0,2,,,
3/6/2023 0:00,40,0,3,0,0,1,,,
3/6/2023 1:00,82,0,3,0,0,1,,,
3/6/2023 2:00,84,0,3,0,0,1,,,
3/6/2023 3:00,66,0,3,0,0,1,,,
3/6/2023 4:00,60,0,3,0,0,2,,,
3/6/2023 5:00,86,0,3,0,0,3,,,
3/6/2023 6:00,37,0,3,0,0,1,,,
3/6/2023 7:00,84,0,3,0,0,2,,,
3/6/2023 8:00,49,0,3,0,0,3,,,
3/6/2023 9:00,36,0,3,0,0,0,,,
3/6/2023 10:00,26,0,3,0,0,2,,,
3/6/2023 11:00,53,0,3,0,0,1,,,
3/6/2023 12:00,72,0,3,0,0,0,,,
3/6/2023 13:00,39,0,3,0,0,0,,,
3/6/2023 14:00,61,0,3,0,0,2,,,
3/6/2023 15:00,61,0,3,0,0,3,,,
3/6/2023 16:00,81,0,3,0,0,1,,,
3/6/2023 17:00,26,0,3,0,0,2,,,
3/6/2023 18:00,83,0,3,0,0,1,,,
3/6/2023 19:00,46,0,3,0,0,3,,,
3/6/2023 20:00,37,0,3,0,0,2,,,
3/6/2023 21:00,72,0,3,0,0,0,,,
3/6/2023 22:00,82,0,3,0,0,0,,,
3/6/2023 23:00,71,0,3,0,0,3,,,
3/7/2023 0:00,60,1,3,0,0,3,,,
3/7/2023 1:00,73,1,3,0,0,1,,,
3/7/2023 2:00,82,1,3,0,0,1,,,
3/7/2023 3:00,60,1,3,0,0,2,,,
3/7/2023 4:00,21,1,3,0,0,1,,,
3/7/2023 5:00,39,1,3,0,0,1,,,
3/7/2023 6:00,71,1,3,0,0,3,,,
3/7/2023 7:00,72,1,3,0,0,2,,,
3/7/2023 8:00,50,1,3,0,0,3,,,
3/7/2023 9:00,70,1,3,0,1,1,,,
3/7/2023 10:00,41,1,3,0,0,3,,,
3/7/2023 11:00,65,1,3,0,0,1,,,
3/7/2023 12:00,28,1,3,0,0,0,,,
3/7/2023 13:00,20,1,3,0,0,3,,,
3/7/2023 14:00,62,1,3,0,0,1,,,
3/7/2023 15:00,56,1,3,0,0,0,,,
3/7/2023 16:00,53,1,3,0,0,3,,,
3/7/2023 17:00,32,1,3,0,0,2,,,
3/7/2023 18:00,40,1,3,0,0,3,,,
3/7/2023 19:00,47,1,3,0,0,2,,,
3/7/2023 20:00,45,1,3,0,0,0,,,
3/7/2023 21:00,46,1,3,0,0,1,,,
3/7/2023 22:00,51,1,3,0,0,0,,,
3/7/2023 23:00,20,1,3,0,0,0,,,
3/8/2023 0:00,36,2,3,0,0,3,,,
3/8/2023 1:00,89,2,3,0,0,3,,,
3/8/2023 2:00,43,2,3,0,0,3,,,
3/8/2023 3:00,45,2,3,0,0,1,,,
3/8/2023 4:00,42,2,3,0,0,0,,,
3/8/2023 5:00,25,2,3,0,1,1,,,
3/8/2023 6:00,80,2,3,0,0,1,,,
3/8/2023 7:00,70,2,3,0,0,0,,,
3/8/2023 8:00,71,2,3,0,0,1,,,
3/8/2023 9:00,74,2,3,0,0,1,,,
3/8/2023 10:00,44,2,3,0,0,0,,,
3/8/2023 11:00,38,2,3,0,0,3,,,
3/8/2023 12:00,26,2,3,0,0,1,,,
3/8/2023 13:00,57,2,3,0,0,2,,,
3/8/2023 14:00,26,2,3,0,0,1,,,
3/8/2023 15:00,49,2,3,0,0,2,,,
3/8/2023 16:00,88,2,3,0,0,2,,,
3/8/2023 17:00,49,2,3,0,0,2,,,
3/8/2023 18:00,59,2,3,0,0,2,,,
3/8/2023 19:00,29,2,3,0,0,1,,,
3/8/2023 20:00,77,2,3,0,0,2,,,
3/8/2023 21:00,29,2,3,0,0,0,,,
3/8/2023 22:00,79,2,3,0,0,2,,,
3/8/2023 23:00,55,2,3,0,0,1,,,
3/9/2023 0:00,79,3,3,0,0,2,,,
3/9/2023 1:00,76,3,3,0,0,3,,,
3/9/2023 2:00,48,3,3,0,1,3,,,
3/9/2023 3:00,70,3,3,0,0,1,,,
3/9/2023 4:00,78,3,3,0,0,2,,,
3/9/2023 5:00,20,3,3,0,0,1,,,
3/9/2023 6:00,87,3,3,0,0,0,,,
3/9/2023 7:00,61,3,3,0,0,3,,,
3/9/2023 8:00,50,3,3,0,0,0,,,
3/9/2023 9:00,88,3,3,0,0,2,,,
3/9/2023 10:00,24,3,3,0,0,0,,,
3/9/2023 11:00,48,3,3,0,0,2,,,
3/9/2023 12:00,26,3,3,0,0,3,,,
3/9/2023 13:00,78,3,3,0,0,3,,,
3/9/2023 14:00,32,3,3,0,0,2,,,
3/9/2023 15:00,37,3,3,0,0,0,,,
3/9/2023 16:00,29,3,3,0,0,2,,,
3/9/2023 17:00,53,3,3,0,0,0,,,
3/9/2023 18:00,26,3,3,0,0,3,,,
3/9/2023 19:00,22,3,3,0,0,1,,,
3/9/2023 20:00,40,3,3,0,0,3,,,
3/9/2023 21:00,46,3,3,0,0,2,,,
3/9/2023 22:00,39,3,3,0,0,2,,,
3/9/2023 23:00,63,3,3,0,0,1,,,
3/10/2023 0:00,31,4,3,0,0,0,,,
3/10/2023 1:00,67,4,3,0,0,0,,,
3/10/2023 2:00,59,4,3,0,0,0,,,
3/10/2023 3:00,63,4,3,0,0,1,,,
3/10/2023 4:00,45,4,3,0,0,1,,,
3/10/2023 5:00,72,4,3,0,0,2,,,
3/10/2023 6:00,48,4,3,0,0,1,,,
3/10/2023 7:00,59,4,3,0,0,0,,,
3/10/2023 8:00,28,4,3,0,0,1,,,
3/10/2023 9:00,28,4,3,0,0,1,,,
3/10/2023 10:00,86,4,3,0,0,2,,,
3/10/2023 11:00,44,4,3,0,0,1,,,
3/10/2023 12:00,26,4,3,0,0,1,,,
3/10/2023 13:00,90,4,3,0,0,3,,,
3/10/2023 14:00,44,4,3,0,0,3,,,
3/10/2023 15:00,47,4,3,0,0,2,,,
3/10/2023 16:00,63,4,3,0,0,1,,,
3/10/2023 17:00,58,4,3,0,0,3,,,
3/10/2023 18:00,50,4,3,0,0,2,,,
3/10/2023 19:00,61,4,3,0,0,1,,,
3/10/2023 20:00,90,4,3,0,0,2,,,
3/10/2023 21:00,31,4,3,0,0,3,,,
3/10/2023 22:00,54,4,3,0,0,2,,,
3/10/2023 23:00,66,4,3,0,0,0,,,
3/11/2023 0:00,23,5,3,1,0,2,,,
3/11/2023 1:00,47,5,3,1,0,2,,,
3/11/2023 2:00,35,5,3,1,0,3,,,
3/11/2023 3:00,61,5,3,1,0,0,,,
3/11/2023 4:00,25,5,3,1,1,2,,,
3/11/2023 5:00,35,5,3,1,0,0,,,
3/11/2023 6:00,34,5,3,1,0,2,,,
3/11/2023 7:00,51,5,3,1,0,3,,,
3/11/2023 8:00,65,5,3,1,1,1,,,
3/11/2023 9:00,80,5,3,1,0,2,,,
3/11/2023 10:00,63,5,3,1,0,2,,,
3/11/2023 11:00,49,5,3,1,0,3,,,
3/11/2023 12:00,43,5,3,1,0,0,,,
3/11/2023 13:00,27,5,3,1,0,0,,,
3/11/2023 14:00,59,5,3,1,0,2,,,
3/11/2023 15:00,53,5,3,1,0,0,,,
3/11/2023 16:00,67,5,3,1,0,2,,,
3/11/2023 17:00,22,5,3,1,0,1,,,
3/11/2023 18:00,71,5,3,1,0,0,,,
3/11/2023 19:00,40,5,3,1,0,1,,,
3/11/2023 20:00,23,5,3,1,0,0,,,
3/11/2023 21:00,55,5,3,1,0,3,,,
3/11/2023 22:00,63,5,3,1,0,0,,,
3/11/2023 23:00,21,5,3,1,0,2,,,
3/12/2023 0:00,43,6,3,1,0,2,,,
3/12/2023 1:00,74,6,3,1,0,0,,,
3/12/2023 2:00,87,6,3,1,0,0,,,
3/12/2023 3:00,42,6,3,1,0,2,,,
3/12/2023 4:00,46,6,3,1,0,2,,,
3/12/2023 5:00,65,6,3,1,0,3,,,
3/12/2023 6:00,23,6,3,1,0,3,,,
3/12/2023 7:00,64,6,3,1,0,2,,,
3/12/2023 8:00,46,6,3,1,0,2,,,
3/12/2023 9:00,31,6,3,1,0,1,,,
3/12/2023 10:00,74,6,3,1,0,2,,,
3/12/2023 11:00,32,6,3,1,0,0,,,
3/12/2023 12:00,37,6,3,1,0,0,,,
3/12/2023 13:00,32,6,3,1,0,1,,,
3/12/2023 14:00,38,6,3,1,0,2,,,
3/12/2023 15:00,20,6,3,1,0,3,,,
3/12/2023 16:00,71,6,3,1,0,1,,,
3/12/2023 17:00,65,6,3,1,0,2,,,
3/12/2023 18:00,40,6,3,1,0,0,,,
3/12/2023 19:00,50,6,3,1,0,2,,,
3/12/2023 20:00,54,6,3,1,0,3,,,
3/12/2023 21:00,28,6,3,1,0,2,,,
3/12/2023 22:00,67,6,3,1,0,2,,,
3/12/2023 23:00,88,6,3,1,0,3,,,
3/13/2023 0:00,54,0,3,0,0,2,,,
3/13/2023 1:00,42,0,3,0,0,3,,,
3/13/2023 2:00,73,0,3,0,0,3,,,
3/13/2023 3:00,58,0,3,0,0,3,,,
3/13/2023 4:00,60,0,3,0,0,1,,,
3/13/2023 5:00,40,0,3,0,0,3,,,
3/13/2023 6:00,21,0,3,0,0,3,,,
3/13/2023 7:00,36,0,3,0,0,0,,,
3/13/2023 8:00,67,0,3,0,0,1,,,
3/13/2023 9:00,49,0,3,0,0,0,,,
3/13/2023 10:00,47,0,3,0,0,1,,,
3/13/2023 11:00,73,0,3,0,0,2,,,
3/13/2023 12:00,39,0,3,0,0,2,,,
3/13/2023 13:00,54,0,3,0,0,3,,,
3/13/2023 14:00,76,0,3,0,1,1,,,
3/13/2023 15:00,89,0,3,0,0,3,,,
3/13/2023 16:00,64,0,3,0,0,2,,,
3/13/2023 17:00,81,0,3,0,0,0,,,
3/13/2023 18:00,87,0,3,0,0,2,,,
3/13/2023 19:00,78,0,3,0,0,1,,,
3/13/2023 20:00,33,0,3,0,0,2,,,
3/13/2023 21:00,21,0,3,0,0,3,,,
3/13/2023 22:00,86,0,3,0,0,2,,,
3/13/2023 23:00,52,0,3,0,0,1,,,
3/14/2023 0:00,73,1,3,0,0,1,,,
3/14/2023 1:00,76,1,3,0,0,0,,,
3/14/2023 2:00,63,1,3,0,0,1,,,
3/14/2023 3:00,86,1,3,0,0,3,,,
3/14/2023 4:00,44,1,3,0,0,2,,,
3/14/2023 5:00,46,1,3,0,0,0,,,
3/14/2023 6:00,45,1,3,0,0,0,,,
3/14/2023 7:00,28,1,3,0,0,1,,,
3/14/2023 8:00,80,1,3,0,0,1,,,
3/14/2023 9:00,25,1,3,0,0,0,,,
3/14/2023 10:00,47,1,3,0,0,3,,,
3/14/2023 11:00,52,1,3,0,0,1,,,
3/14/2023 12:00,38,1,3,0,0,2,,,
3/14/2023 13:00,35,1,3,0,0,1,,,
3/14/2023 14:00,49,1,3,0,0,3,,,
3/14/2023 15:00,44,1,3,0,0,0,,,
3/14/2023 16:00,68,1,3,0,0,3,,,
3/14/2023 17:00,30,1,3,0,0,0,,,
3/14/2023 18:00,54,1,3,0,0,3,,,
3/14/2023 19:00,21,1,3,0,0,2,,,
3/14/2023 20:00,28,1,3,0,0,1,,,
3/14/2023 21:00,44,1,3,0,0,3,,,
3/14/2023 22:00,65,1,3,0,0,3,,,
3/14/2023 23:00,49,1,3,0,0,1,,,
3/15/2023 0:00,20,2,3,0,0,0,,,
3/15/2023 1:00,29,2,3,0,0,0,,,
3/15/2023 2:00,88,2,3,0,0,1,,,
3/15/2023 3:00,48,2,3,0,0,1,,,
3/15/2023 4:00,41,2,3,0,0,0,,,
3/15/2023 5:00,63,2,3,0,1,3,,,
3/15/2023 6:00,35,2,3,0,0,0,,,
3/15/2023 7:00,31,2,3,0,0,2,,,
3/15/2023 8:00,21,2,3,0,0,2,,,
3/15/2023 9:00,77,2,3,0,0,3,,,
3/15/2023 10:00,25,2,3,0,0,2,,,
3/15/2023 11:00,68,2,3,0,0,3,,,
3/15/2023 12:00,62,2,3,0,0,0,,,
3/15/2023 13:00,23,2,3,0,0,0,,,
3/15/2023 14:00,44,2,3,0,0,2,,,
3/15/2023 15:00,31,2,3,0,0,3,,,
3/15/2023 16:00,48,2,3,0,0,3,,,
3/15/2023 17:00,23,2,3,0,0,1,,,
3/15/2023 18:00,61,2,3,0,0,0,,,
3/15/2023 19:00,51,2,3,0,0,3,,,
3/15/2023 20:00,51,2,3,0,0,0,,,
3/15/2023 21:00,39,2,3,0,0,1,,,
3/15/2023 22:00,22,2,3,0,0,3,,,
3/15/2023 23:00,66,2,3,0,0,3,,,
3/16/2023 0:00,60,3,3,0,0,0,,,
3/16/2023 1:00,86,3,3,0,0,2,,,
3/16/2023 2:00,64,3,3,0,0,0,,,
3/16/2023 3:00,82,3,3,0,0,0,,,
3/16/2023 4:00,87,3,3,0,0,3,,,
3/16/2023 5:00,67,3,3,0,0,2,,,
3/16/2023 6:00,68,3,3,0,0,1,,,
3/16/2023 7:00,48,3,3,0,0,1,,,
3/16/2023 8:00,57,3,3,0,0,2,,,
3/16/2023 9:00,71,3,3,0,0,2,,,
3/16/2023 10:00,81,3,3,0,0,0,,,
3/16/2023 11:00,61,3,3,0,0,1,,,
3/16/2023 12:00,80,3,3,0,0,2,,,
3/16/2023 13:00,32,3,3,0,0,3,,,
3/16/2023 14:00,76,3,3,0,0,3,,,
3/16/2023 15:00,79,3,3,0,0,2,,,
3/16/2023 16:00,85,3,3,0,0,0,,,
3/16/2023 17:00,78,3,3,0,0,1,,,
3/16/2023 18:00,32,3,3,0,0,0,,,
3/16/2023 19:00,38,3,3,0,0,1,,,
3/16/2023 20:00,56,3,3,0,0,1,,,
3/16/2023 21:00,48,3,3,0,0,2,,,
3/16/2023 22:00,39,3,3,0,0,0,,,
3/16/2023 23:00,46,3,3,0,0,2,,,
3/17/2023 0:00,20,4,3,0,0,0,,,
3/17/2023 1:00,30,4,3,0,0,3,,,
3/17/2023 2:00,63,4,3,0,0,3,,,
3/17/2023 3:00,23,4,3,0,0,0,,,
3/17/2023 4:00,82,4,3,0,0,3,,,
3/17/2023 5:00,44,4,3,0,0,2,,,
3/17/2023 6:00,86,4,3,0,0,2,,,
3/17/2023 7:00,44,4,3,0,0,2,,,
3/17/2023 8:00,71,4,3,0,0,2,,,
3/17/2023 9:00,35,4,3,0,0,1,,,
3/17/2023 10:00,57,4,3,0,0,2,,,
3/17/2023 11:00,78,4,3,0,0,3,,,
3/17/2023 12:00,80,4,3,0,0,3,,,
3/17/2023 13:00,66,4,3,0,0,2,,,
3/17/2023 14:00,82,4,3,0,0,3,,,
3/17/2023 15:00,84,4,3,0,0,0,,,
3/17/2023 16:00,51,4,3,0,0,2,,,
3/17/2023 17:00,60,4,3,0,0,1,,,
3/17/2023 18:00,41,4,3,0,0,1,,,
3/17/2023 19:00,66,4,3,0,0,2,,,
3/17/2023 20:00,37,4,3,0,0,0,,,
3/17/2023 21:00,81,4,3,0,0,1,,,
3/17/2023 22:00,85,4,3,0,0,0,,,
3/17/2023 23:00,41,4,3,0,0,1,,,
3/18/2023 0:00,61,5,3,1,0,2,,,
3/18/2023 1:00,61,5,3,1,0,0,,,
3/18/2023 2:00,77,5,3,1,0,1,,,
3/18/2023 3:00,62,5,3,1,0,1,,,
3/18/2023 4:00,57,5,3,1,0,3,,,
3/18/2023 5:00,65,5,3,1,0,2,,,
3/18/2023 6:00,69,5,3,1,0,1,,,
3/18/2023 7:00,59,5,3,1,0,1,,,
3/18/2023 8:00,74,5,3,1,0,2,,,
3/18/2023 9:00,27,5,3,1,0,2,,,
3/18/2023 10:00,70,5,3,1,0,1,,,
3/18/2023 11:00,23,5,3,1,0,3,,,
3/18/2023 12:00,43,5,3,1,0,0,,,
3/18/2023 13:00,69,5,3,1,0,2,,,
3/18/2023 14:00,52,5,3,1,0,1,,,
3/18/2023 15:00,24,5,3,1,0,0,,,
3/18/2023 16:00,88,5,3,1,0,2,,,
3/18/2023 17:00,43,5,3,1,0,2,,,
3/18/2023 18:00,47,5,3,1,0,1,,,
3/18/2023 19:00,60,5,3,1,0,3,,,
3/18/2023 20:00,82,5,3,1,0,2,,,
3/18/2023 21:00,63,5,3,1,0,2,,,
3/18/2023 22:00,76,5,3,1,0,0,,,
3/18/2023 23:00,49,5,3,1,0,3,,,
3/19/2023 0:00,29,6,3,1,0,2,,,
3/19/2023 1:00,34,6,3,1,0,1,,,
3/19/2023 2:00,65,6,3,1,0,2,,,
3/19/2023 3:00,28,6,3,1,0,3,,,
3/19/2023 4:00,74,6,3,1,0,0,,,
3/19/2023 5:00,31,6,3,1,0,1,,,
3/19/2023 6:00,61,6,3,1,0,3,,,
3/19/2023 7:00,75,6,3,1,0,2,,,
3/19/2023 8:00,72,6,3,1,0,3,,,
3/19/2023 9:00,65,6,3,1,0,0,,,
3/19/2023 10:00,69,6,3,1,0,3,,,
3/19/2023 11:00,55,6,3,1,0,3,,,
3/19/2023 12:00,86,6,3,1,0,1,,,
3/19/2023 13:00,55,6,3,1,0,0,,,
3/19/2023 14:00,50,6,3,1,0,0,,,
3/19/2023 15:00,58,6,3,1,0,3,,,
3/19/2023 16:00,79,6,3,1,0,2,,,
3/19/2023 17:00,46,6,3,1,0,3,,,
3/19/2023 18:00,55,6,3,1,0,3,,,
3/19/2023 19:00,20,6,3,1,0,3,,,
3/19/2023 20:00,32,6,3,1,0,2,,,
3/19/2023 21:00,85,6,3,1,0,3,,,
3/19/2023 22:00,88,6,3,1,0,1,,,
3/19/2023 23:00,76,6,3,1,0,0,,,
3/20/2023 0:00,21,0,3,0,0,1,,,
3/20/2023 1:00,48,0,3,0,0,3,,,
3/20/2023 2:00,78,0,3,0,0,0,,,
3/20/2023 3:00,59,0,3,0,0,2,,,
3/20/2023 4:00,34,0,3,0,0,0,,,
3/20/2023 5:00,54,0,3,0,0,3,,,
3/20/2023 6:00,34,0,3,0,0,2,,,
3/20/2023 7:00,33,0,3,0,0,3,,,
3/20/2023 8:00,59,0,3,0,0,1,,,
3/20/2023 9:00,83,0,3,0,0,2,,,
3/20/2023 10:00,32,0,3,0,0,0,,,
3/20/2023 11:00,25,0,3,0,0,0,,,
3/20/2023 12:00,43,0,3,0,0,2,,,
3/20/2023 13:00,40,0,3,0,0,0,,,
3/20/2023 14:00,89,0,3,0,0,3,,,
3/20/2023 15:00,30,0,3,0,0,2,,,
3/20/2023 16:00,21,0,3,0,0,3,,,
3/20/2023 17:00,64,0,3,0,0,1,,,
3/20/2023 18:00,33,0,3,0,0,1,,,
3/20/2023 19:00,85,0,3,0,0,3,,,
3/20/2023 20:00,81,0,3,0,0,3,,,
3/20/2023 21:00,73,0,3,0,0,1,,,
3/20/2023 22:00,56,0,3,0,0,0,,,
3/20/2023 23:00,51,0,3,0,0,2,,,
3/21/2023 0:00,67,1,3,0,0,0,,,
3/21/2023 1:00,78,1,3,0,0,0,,,
3/21/2023 2:00,80,1,3,0,0,2,,,
3/21/2023 3:00,41,1,3,0,0,1,,,
3/21/2023 4:00,56,1,3,0,0,3,,,
3/21/2023 5:00,84,1,3,0,0,1,,,
3/21/2023 6:00,85,1,3,0,0,2,,,
3/21/2023 7:00,30,1,3,0,0,3,,,
3/21/2023 8:00,36,1,3,0,0,2,,,
3/21/2023 9:00,60,1,3,0,0,3,,,
3/21/2023 10:00,86,1,3,0,0,1,,,
3/21/2023 11:00,85,1,3,0,0,2,,,
3/21/2023 12:00,65,1,3,0,0,1,,,
3/21/2023 13:00,64,1,3,0,0,3,,,
3/21/2023 14:00,63,1,3,0,0,3,,,
3/21/2023 15:00,61,1,3,0,0,0,,,
3/21/2023 16:00,28,1,3,0,0,2,,,
3/21/2023 17:00,39,1,3,0,0,3,,,
3/21/2023 18:00,86,1,3,0,0,3,,,
3/21/2023 19:00,56,1,3,0,0,2,,,
3/21/2023 20:00,46,1,3,0,0,3,,,
3/21/2023 21:00,51,1,3,0,0,3,,,
3/21/2023 22:00,73,1,3,0,0,3,,,
3/21/2023 23:00,87,1,3,0,0,3,,,
3/22/2023 0:00,90,2,3,0,1,0,,,
3/22/2023 1:00,75,2,3,0,0,1,,,
3/22/2023 2:00,55,2,3,0,0,2,,,
3/22/2023 3:00,37,2,3,0,0,2,,,
3/22/2023 4:00,47,2,3,0,0,1,,,
3/22/2023 5:00,34,2,3,0,0,1,,,
3/22/2023 6:00,61,2,3,0,0,2,,,
3/22/2023 7:00,43,2,3,0,0,1,,,
3/22/2023 8:00,42,2,3,0,0,1,,,
3/22/2023 9:00,50,2,3,0,0,2,,,
3/22/2023 10:00,90,2,3,0,0,2,,,
3/22/2023 11:00,35,2,3,0,0,2,,,
3/22/2023 12:00,20,2,3,0,0,0,,,
3/22/2023 13:00,37,2,3,0,0,3,,,
3/22/2023 14:00,82,2,3,0,0,2,,,
3/22/2023 15:00,32,2,3,0,0,2,,,
3/22/2023 16:00,87,2,3,0,0,1,,,
3/22/2023 17:00,34,2,3,0,0,0,,,
3/22/2023 18:00,82,2,3,0,0,0,,,
3/22/2023 19:00,76,2,3,0,0,1,,,
3/22/2023 20:00,37,2,3,0,0,2,,,
3/22/2023 21:00,83,2,3,0,0,2,,,
3/22/2023 22:00,65,2,3,0,0,2,,,
3/22/2023 23:00,82,2,3,0,0,1,,,
3/23/2023 0:00,27,3,3,0,0,3,,,
3/23/2023 1:00,44,3,3,0,0,2,,,
3/23/2023 2:00,53,3,3,0,0,0,,,
3/23/2023 3:00,37,3,3,0,0,1,,,
3/23/2023 4:00,57,3,3,0,0,3,,,
3/23/2023 5:00,49,3,3,0,0,3,,,
3/23/2023 6:00,22,3,3,0,0,0,,,
3/23/2023 7:00,57,3,3,0,0,2,,,
3/23/2023 8:00,49,3,3,0,0,1,,,
3/23/2023 9:00,60,3,3,0,0,2,,,
3/23/2023 10:00,31,3,3,0,0,0,,,
3/23/2023 11:00,63,3,3,0,0,0,,,
3/23/2023 12:00,54,3,3,0,0,3,,,
3/23/2023 13:00,73,3,3,0,1,0,,,
3/23/2023 14:00,80,3,3,0,0,3,,,
3/23/2023 15:00,70,3,3,0,0,1,,,
3/23/2023 16:00,63,3,3,0,0,1,,,
3/23/2023 17:00,59,3,3,0,0,0,,,
3/23/2023 18:00,54,3,3,0,0,2,,,
3/23/2023 19:00,78,3,3,0,0,2,,,
3/23/2023 20:00,22,3,3,0,0,1,,,
3/23/2023 21:00,53,3,3,0,0,0,,,
3/23/2023 22:00,21,3,3,0,0,2,,,
3/23/2023 23:00,79,3,3,0,0,2,,,
3/24/2023 0:00,67,4,3,0,0,3,,,
3/24/2023 1:00,62,4,3,0,0,1,,,
3/24/2023 2:00,89,4,3,0,0,0,,,
3/24/2023 3:00,64,4,3,0,0,2,,,
3/24/2023 4:00,30,4,3,0,0,0,,,
3/24/2023 5:00,66,4,3,0,0,3,,,
3/24/2023 6:00,42,4,3,0,0,3,,,
3/24/2023 7:00,54,4,3,0,0,2,,,
3/24/2023 8:00,46,4,3,0,0,1,,,
3/24/2023 9:00,36,4,3,0,0,3,,,
3/24/2023 10:00,34,4,3,0,0,3,,,
3/24/2023 11:00,37,4,3,0,0,1,,,
3/24/2023 12:00,90,4,3,0,0,0,,,
3/24/2023 13:00,48,4,3,0,0,2,,,
3/24/2023 14:00,81,4,3,0,0,1,,,
3/24/2023 15:00,79,4,3,0,0,1,,,
3/24/2023 16:00,55,4,3,0,0,1,,,
3/24/2023 17:00,84,4,3,0,0,2,,,
3/24/2023 18:00,87,4,3,0,0,1,,,
3/24/2023 19:00,30,4,3,0,0,2,,,
3/24/2023 20:00,23,4,3,0,0,2,,,
3/24/2023 21:00,42,4,3,0,0,3,,,
3/24/2023 22:00,66,4,3,0,0,0,,,
3/24/2023 23:00,53,4,3,0,0,3,,,
3/25/2023 0:00,75,5,3,1,0,0,,,
3/25/2023 1:00,90,5,3,1,0,2,,,
3/25/2023 2:00,28,5,3,1,0,3,,,
3/25/2023 3:00,23,5,3,1,0,2,,,
3/25/2023 4:00,33,5,3,1,0,2,,,
3/25/2023 5:00,36,5,3,1,0,0,,,
3/25/2023 6:00,84,5,3,1,0,3,,,
3/25/2023 7:00,44,5,3,1,0,2,,,
3/25/2023 8:00,20,5,3,1,0,2,,,
3/25/2023 9:00,54,5,3,1,0,0,,,
3/25/2023 10:00,53,5,3,1,0,3,,,
3/25/2023 11:00,75,5,3,1,0,0,,,
3/25/2023 12:00,58,5,3,1,0,1,,,
3/25/2023 13:00,56,5,3,1,0,3,,,
3/25/2023 14:00,46,5,3,1,0,1,,,
3/25/2023 15:00,82,5,3,1,0,0,,,
3/25/2023 16:00,87,5,3,1,0,0,,,
3/25/2023 17:00,43,5,3,1,0,1,,,
3/25/2023 18:00,54,5,3,1,0,3,,,
3/25/2023 19:00,21,5,3,1,0,2,,,
3/25/2023 20:00,57,5,3,1,0,3,,,
3/25/2023 21:00,63,5,3,1,0,3,,,
3/25/2023 22:00,51,5,3,1,0,1,,,
3/25/2023 23:00,63,5,3,1,0,0,,,
3/26/2023 0:00,46,6,3,1,0,2,,,
3/26/2023 1:00,82,6,3,1,0,1,,,
3/26/2023 2:00,65,6,3,1,0,1,,,
3/26/2023 3:00,62,6,3,1,0,3,,,
3/26/2023 4:00,56,6,3,1,0,1,,,
3/26/2023 5:00,53,6,3,1,0,2,,,
3/26/2023 6:00,72,6,3,1,0,1,,,
3/26/2023 7:00,83,6,3,1,0,3,,,
3/26/2023 8:00,52,6,3,1,0,0,,,
3/26/2023 9:00,59,6,3,1,0,3,,,
3/26/2023 10:00,85,6,3,1,0,3,,,
3/26/2023 11:00,69,6,3,1,0,1,,,
3/26/2023 12:00,86,6,3,1,0,2,,,
3/26/2023 13:00,38,6,3,1,0,3,,,
3/26/2023 14:00,75,6,3,1,0,2,,,
3/26/2023 15:00,60,6,3,1,0,1,,,
3/26/2023 16:00,79,6,3,1,0,2,,,
3/26/2023 17:00,71,6,3,1,0,1,,,
3/26/2023 18:00,60,6,3,1,0,3,,,
3/26/2023 19:00,58,6,3,1,0,1,,,
3/26/2023 20:00,25,6,3,1,0,1,,,
3/26/2023 21:00,21,6,3,1,0,2,,,
3/26/2023 22:00,40,6,3,1,0,0,,,
3/26/2023 23:00,25,6,3,1,0,1,,,
3/27/2023 0:00,31,0,3,0,0,1,,,
3/27/2023 1:00,46,0,3,0,0,0,,,
3/27/2023 2:00,82,0,3,0,0,0,,,
3/27/2023 3:00,24,0,3,0,0,2,,,
3/27/2023 4:00,90,0,3,0,0,2,,,
3/27/2023 5:00,55,0,3,0,0,3,,,
3/27/2023 6:00,88,0,3,0,0,0,,,
3/27/2023 7:00,25,0,3,0,0,2,,,
3/27/2023 8:00,60,0,3,0,0,2,,,
3/27/2023 9:00,73,0,3,0,0,1,,,
3/27/2023 10:00,58,0,3,0,0,2,,,
3/27/2023 11:00,83,0,3,0,0,2,,,
3/27/2023 12:00,85,0,3,0,0,3,,,
3/27/2023 13:00,22,0,3,0,0,3,,,
3/27/2023 14:00,65,0,3,0,0,3,,,
3/27/2023 15:00,75,0,3,0,0,3,,,
3/27/2023 16:00,41,0,3,0,0,3,,,
3/27/2023 17:00,21,0,3,0,0,2,,,
3/27/2023 18:00,24,0,3,0,0,0,,,
3/27/2023 19:00,35,0,3,0,0,3,,,
3/27/2023 20:00,34,0,3,0,0,1,,,
3/27/2023 21:00,75,0,3,0,0,3,,,
3/27/2023 22:00,48,0,3,0,0,1,,,
3/27/2023 23:00,57,0,3,0,0,0,,,
3/28/2023 0:00,45,1,3,0,0,0,,,
3/28/2023 1:00,46,1,3,0,0,1,,,
3/28/2023 2:00,22,1,3,0,0,2,,,
3/28/2023 3:00,54,1,3,0,0,0,,,
3/28/2023 4:00,63,1,3,0,0,0,,,
3/28/2023 5:00,69,1,3,0,0,3,,,
3/28/2023 6:00,78,1,3,0,0,2,,,
3/28/2023 7:00,67,1,3,0,0,2,,,
3/28/2023 8:00,33,1,3,0,0,1,,,
3/28/2023 9:00,35,1,3,0,0,2,,,
3/28/2023 10:00,40,1,3,0,0,0,,,
3/28/2023 11:00,53,1,3,0,0,3,,,
3/28/2023 12:00,32,1,3,0,0,2,,,
3/28/2023 13:00,50,1,3,0,0,0,,,
3/28/2023 14:00,76,1,3,0,0,3,,,
3/28/2023 15:00,57,1,3,0,0,3,,,
3/28/2023 16:00,76,1,3,0,0,3,,,
3/28/2023 17:00,60,1,3,0,0,3,,,
3/28/2023 18:00,23,1,3,0,0,1,,,
3/28/2023 19:00,75,1,3,0,0,2,,,
3/28/2023 20:00,83,1,3,0,0,0,,,
3/28/2023 21:00,37,1,3,0,0,3,,,
3/28/2023 22:00,20,1,3,0,0,3,,,
3/28/2023 23:00,55,1,3,0,0,0,,,
3/29/2023 0:00,24,2,3,0,0,2,,,
3/29/2023 1:00,47,2,3,0,0,3,,,
3/29/2023 2:00,45,2,3,0,0,3,,,
3/29/2023 3:00,23,2,3,0,1,1,,,
3/29/2023 4:00,63,2,3,0,0,2,,,
3/29/2023 5:00,74,2,3,0,0,3,,,
3/29/2023 6:00,27,2,3,0,0,2,,,
3/29/2023 7:00,27,2,3,0,0,3,,,
3/29/2023 8:00,59,2,3,0,0,3,,,
3/29/2023 9:00,29,2,3,0,0,0,,,
3/29/2023 10:00,68,2,3,0,0,2,,,
3/29/2023 11:00,38,2,3,0,0,3,,,
3/29/2023 12:00,72,2,3,0,0,1,,,
3/29/2023 13:00,81,2,3,0,0,2,,,
3/29/2023 14:00,37,2,3,0,0,2,,,
3/29/2023 15:00,53,2,3,0,0,1,,,
3/29/2023 16:00,53,2,3,0,0,0,,,
3/29/2023 17:00,53,2,3,0,0,2,,,
3/29/2023 18:00,50,2,3,0,0,1,,,
3/29/2023 19:00,23,2,3,0,0,0,,,
3/29/2023 20:00,26,2,3,0,0,1,,,
3/29/2023 21:00,46,2,3,0,0,3,,,
3/29/2023 22:00,23,2,3,0,0,2,,,
3/29/2023 23:00,44,2,3,0,0,0,,,
3/30/2023 0:00,34,3,3,0,0,1,,,
3/30/2023 1:00,54,3,3,0,0,2,,,
3/30/2023 2:00,47,3,3,0,0,0,,,
3/30/2023 3:00,49,3,3,0,1,1,,,
3/30/2023 4:00,45,3,3,0,0,2,,,
3/30/2023 5:00,86,3,3,0,0,2,,,
3/30/2023 6:00,62,3,3,0,0,0,,,
3/30/2023 7:00,39,3,3,0,0,2,,,
3/30/2023 8:00,84,3,3,0,0,1,,,
3/30/2023 9:00,22,3,3,0,1,0,,,
3/30/2023 10:00,82,3,3,0,0,3,,,
3/30/2023 11:00,56,3,3,0,0,1,,,
3/30/2023 12:00,66,3,3,0,0,0,,,
3/30/2023 13:00,24,3,3,0,0,0,,,
3/30/2023 14:00,77,3,3,0,1,0,,,
3/30/2023 15:00,24,3,3,0,0,0,,,
3/30/2023 16:00,39,3,3,0,0,3,,,
3/30/2023 17:00,85,3,3,0,0,2,,,
3/30/2023 18:00,30,3,3,0,0,1,,,
3/30/2023 19:00,67,3,3,0,0,1,,,
3/30/2023 20:00,30,3,3,0,0,2,,,
3/30/2023 21:00,69,3,3,0,0,1,,,
3/30/2023 22:00,61,3,3,0,0,0,,,
3/30/2023 23:00,83,3,3,0,0,0,,,
3/31/2023 0:00,60,4,3,0,0,2,,,
3/31/2023 1:00,74,4,3,0,0,1,,,
3/31/2023 2:00,30,4,3,0,0,3,,,
3/31/2023 3:00,81,4,3,0,0,3,,,
3/31/2023 4:00,44,4,3,0,0,0,,,
3/31/2023 5:00,72,4,3,0,0,1,,,
3/31/2023 6:00,43,4,3,0,0,0,,,
3/31/2023 7:00,68,4,3,0,0,2,,,
3/31/2023 8:00,76,4,3,0,0,2,,,
3/31/2023 9:00,51,4,3,0,0,0,,,
3/31/2023 10:00,24,4,3,0,0,1,,,
3/31/2023 11:00,76,4,3,0,0,1,,,
3/31/2023 12:00,48,4,3,0,0,2,,,
3/31/2023 13:00,40,4,3,0,0,2,,,
3/31/2023 14:00,26,4,3,0,0,1,,,
3/31/2023 15:00,65,4,3,0,0,3,,,
3/31/2023 16:00,22,4,3,0,0,0,,,
3/31/2023 17:00,55,4,3,0,0,3,,,
3/31/2023 18:00,62,4,3,0,0,1,,,
3/31/2023 19:00,64,4,3,0,0,0,,,
3/31/2023 20:00,38,4,3,0,0,0,,,
3/31/2023 21:00,77,4,3,0,0,3,,,
3/31/2023 22:00,36,4,3,0,0,2,,,
3/31/2023 23:00,55,4,3,0,0,0,,,
4/1/2023 0:00,32,5,4,1,0,3,,,
4/1/2023 1:00,39,5,4,1,0,1,,,
4/1/2023 2:00,59,5,4,1,0,3,,,
4/1/2023 3:00,85,5,4,1,0,1,,,
4/1/2023 4:00,24,5,4,1,0,1,,,
4/1/2023 5:00,79,5,4,1,0,3,,,
4/1/2023 6:00,76,5,4,1,0,1,,,
4/1/2023 7:00,70,5,4,1,0,2,,,
4/1/2023 8:00,66,5,4,1,0,0,,,
4/1/2023 9:00,67,5,4,1,0,0,,,
4/1/2023 10:00,55,5,4,1,0,0,,,
4/1/2023 11:00,70,5,4,1,0,1,,,
4/1/2023 12:00,90,5,4,1,0,2,,,
4/1/2023 13:00,83,5,4,1,0,2,,,
4/1/2023 14:00,21,5,4,1,0,1,,,
4/1/2023 15:00,39,5,4,1,0,1,,,
4/1/2023 16:00,81,5,4,1,0,1,,,
4/1/2023 17:00,26,5,4,1,0,1,,,
4/1/2023 18:00,51,5,4,1,0,3,,,
4/1/2023 19:00,89,5,4,1,0,1,,,
4/1/2023 20:00,21,5,4,1,0,0,,,
4/1/2023 21:00,23,5,4,1,0,3,,,
4/1/2023 22:00,81,5,4,1,0,1,,,
4/1/2023 23:00,62,5,4,1,0,0,,,
4/2/2023 0:00,60,6,4,1,0,0,,,
4/2/2023 1:00,66,6,4,1,0,3,,,
4/2/2023 2:00,47,6,4,1,0,2,,,
4/2/2023 3:00,63,6,4,1,0,3,,,
4/2/2023 4:00,59,6,4,1,0,2,,,
4/2/2023 5:00,84,6,4,1,0,1,,,
4/2/2023 6:00,27,6,4,1,0,2,,,
4/2/2023 7:00,88,6,4,1,0,1,,,
4/2/2023 8:00,49,6,4,1,0,0,,,
4/2/2023 9:00,69,6,4,1,0,2,,,
4/2/2023 10:00,28,6,4,1,0,3,,,
4/2/2023 11:00,75,6,4,1,0,3,,,
4/2/2023 12:00,56,6,4,1,0,1,,,
4/2/2023 13:00,62,6,4,1,0,1,,,
4/2/2023 14:00,85,6,4,1,0,3,,,
4/2/2023 15:00,21,6,4,1,0,3,,,
4/2/2023 16:00,74,6,4,1,0,2,,,
4/2/2023 17:00,27,6,4,1,0,1,,,
4/2/2023 18:00,56,6,4,1,0,1,,,
4/2/2023 19:00,39,6,4,1,0,3,,,
4/2/2023 20:00,40,6,4,1,0,0,,,
4/2/2023 21:00,49,6,4,1,0,2,,,
4/2/2023 22:00,20,6,4,1,0,3,,,
4/2/2023 23:00,74,6,4,1,0,0,,,
4/3/2023 0:00,67,0,4,0,0,0,,,
4/3/2023 1:00,53,0,4,0,0,2,,,
4/3/2023 2:00,28,0,4,0,0,3,,,
4/3/2023 3:00,27,0,4,0,0,0,,,
4/3/2023 4:00,77,0,4,0,0,2,,,
4/3/2023 5:00,20,0,4,0,0,0,,,
4/3/2023 6:00,51,0,4,0,0,3,,,
4/3/2023 7:00,27,0,4,0,1,0,,,
4/3/2023 8:00,75,0,4,0,0,3,,,
4/3/2023 9:00,37,0,4,0,0,1,,,
4/3/2023 10:00,77,0,4,0,0,2,,,
4/3/2023 11:00,25,0,4,0,0,1,,,
4/3/2023 12:00,61,0,4,0,0,3,,,
4/3/2023 13:00,76,0,4,0,0,1,,,
4/3/2023 14:00,28,0,4,0,0,1,,,
4/3/2023 15:00,56,0,4,0,0,1,,,
4/3/2023 16:00,55,0,4,0,0,2,,,
4/3/2023 17:00,61,0,4,0,0,1,,,
4/3/2023 18:00,81,0,4,0,0,0,,,
4/3/2023 19:00,52,0,4,0,0,0,,,
4/3/2023 20:00,25,0,4,0,0,3,,,
4/3/2023 21:00,68,0,4,0,0,0,,,
4/3/2023 22:00,50,0,4,0,0,0,,,
4/3/2023 23:00,56,0,4,0,0,1,,,
4/4/2023 0:00,48,1,4,0,0,2,,,
4/4/2023 1:00,78,1,4,0,0,1,,,
4/4/2023 2:00,45,1,4,0,0,3,,,
4/4/2023 3:00,32,1,4,0,0,2,,,
4/4/2023 4:00,54,1,4,0,0,1,,,
4/4/2023 5:00,21,1,4,0,0,0,,,
4/4/2023 6:00,40,1,4,0,0,0,,,
4/4/2023 7:00,77,1,4,0,0,1,,,
4/4/2023 8:00,63,1,4,0,0,0,,,
4/4/2023 9:00,27,1,4,0,0,3,,,
4/4/2023 10:00,21,1,4,0,1,2,,,
4/4/2023 11:00,74,1,4,0,0,1,,,
4/4/2023 12:00,88,1,4,0,0,3,,,
4/4/2023 13:00,88,1,4,0,1,3,,,
4/4/2023 14:00,44,1,4,0,0,0,,,
4/4/2023 15:00,74,1,4,0,0,3,,,
4/4/2023 16:00,64,1,4,0,0,3,,,
4/4/2023 17:00,75,1,4,0,0,0,,,
4/4/2023 18:00,59,1,4,0,0,0,,,
4/4/2023 19:00,65,1,4,0,0,2,,,
4/4/2023 20:00,84,1,4,0,0,2,,,
4/4/2023 21:00,48,1,4,0,0,1,,,
4/4/2023 22:00,73,1,4,0,0,1,,,
4/4/2023 23:00,45,1,4,0,0,0,,,
4/5/2023 0:00,29,2,4,0,0,1,,,
4/5/2023 1:00,25,2,4,0,0,1,,,
4/5/2023 2:00,30,2,4,0,0,3,,,
4/5/2023 3:00,34,2,4,0,0,3,,,
4/5/2023 4:00,60,2,4,0,0,2,,,
4/5/2023 5:00,81,2,4,0,0,3,,,
4/5/2023 6:00,40,2,4,0,0,0,,,
4/5/2023 7:00,44,2,4,0,0,1,,,
4/5/2023 8:00,55,2,4,0,0,1,,,
4/5/2023 9:00,84,2,4,0,0,0,,,
4/5/2023 10:00,21,2,4,0,0,0,,,
4/5/2023 11:00,67,2,4,0,0,1,,,
4/5/2023 12:00,39,2,4,0,0,2,,,
4/5/2023 13:00,63,2,4,0,0,1,,,
4/5/2023 14:00,70,2,4,0,0,3,,,
4/5/2023 15:00,89,2,4,0,0,0,,,
4/5/2023 16:00,45,2,4,0,0,3,,,
4/5/2023 17:00,90,2,4,0,0,2,,,
4/5/2023 18:00,39,2,4,0,0,2,,,
4/5/2023 19:00,29,2,4,0,0,2,,,
4/5/2023 20:00,32,2,4,0,0,0,,,
4/5/2023 21:00,73,2,4,0,0,0,,,
4/5/2023 22:00,20,2,4,0,0,1,,,
4/5/2023 23:00,77,2,4,0,0,3,,,
4/6/2023 0:00,27,3,4,0,0,1,,,
4/6/2023 1:00,64,3,4,0,0,3,,,
4/6/2023 2:00,37,3,4,0,0,0,,,
4/6/2023 3:00,38,3,4,0,0,1,,,
4/6/2023 4:00,48,3,4,0,0,1,,,
4/6/2023 5:00,86,3,4,0,0,2,,,
4/6/2023 6:00,73,3,4,0,0,0,,,
4/6/2023 7:00,26,3,4,0,0,3,,,
4/6/2023 8:00,31,3,4,0,0,1,,,
4/6/2023 9:00,34,3,4,0,0,2,,,
4/6/2023 10:00,40,3,4,0,0,3,,,
4/6/2023 11:00,38,3,4,0,0,1,,,
4/6/2023 12:00,30,3,4,0,0,2,,,
4/6/2023 13:00,65,3,4,0,0,2,,,
4/6/2023 14:00,59,3,4,0,0,2,,,
4/6/2023 15:00,40,3,4,0,0,0,,,
4/6/2023 16:00,69,3,4,0,0,1,,,
4/6/2023 17:00,54,3,4,0,0,1,,,
4/6/2023 18:00,89,3,4,0,0,1,,,
4/6/2023 19:00,58,3,4,0,0,3,,,
4/6/2023 20:00,85,3,4,0,0,0,,,
4/6/2023 21:00,25,3,4,0,0,1,,,
4/6/2023 22:00,74,3,4,0,0,2,,,
4/6/2023 23:00,49,3,4,0,0,2,,,
4/7/2023 0:00,44,4,4,0,0,3,,,
4/7/2023 1:00,90,4,4,0,0,1,,,
4/7/2023 2:00,37,4,4,0,0,3,,,
4/7/2023 3:00,74,4,4,0,0,0,,,
4/7/2023 4:00,76,4,4,0,0,2,,,
4/7/2023 5:00,27,4,4,0,0,2,,,
4/7/2023 6:00,46,4,4,0,0,0,,,
4/7/2023 7:00,29,4,4,0,0,1,,,
4/7/2023 8:00,78,4,4,0,0,2,,,
4/7/2023 9:00,35,4,4,0,1,2,,,
4/7/2023 10:00,56,4,4,0,0,3,,,
4/7/2023 11:00,30,4,4,0,0,1,,,
4/7/2023 12:00,43,4,4,0,0,1,,,
4/7/2023 13:00,79,4,4,0,0,1,,,
4/7/2023 14:00,44,4,4,0,0,1,,,
4/7/2023 15:00,72,4,4,0,0,0,,,
4/7/2023 16:00,28,4,4,0,0,2,,,
4/7/2023 17:00,59,4,4,0,0,2,,,
4/7/2023 18:00,62,4,4,0,0,2,,,
4/7/2023 19:00,86,4,4,0,0,2,,,
4/7/2023 20:00,49,4,4,0,0,3,,,
4/7/2023 21:00,43,4,4,0,0,2,,,
4/7/2023 22:00,65,4,4,0,0,1,,,
4/7/2023 23:00,90,4,4,0,0,3,,,
4/8/2023 0:00,82,5,4,1,0,3,,,
4/8/2023 1:00,65,5,4,1,0,2,,,
4/8/2023 2:00,24,5,4,1,0,2,,,
4/8/2023 3:00,25,5,4,1,0,0,,,
4/8/2023 4:00,44,5,4,1,0,1,,,
4/8/2023 5:00,28,5,4,1,0,3,,,
4/8/2023 6:00,60,5,4,1,0,1,,,
4/8/2023 7:00,32,5,4,1,0,3,,,
4/8/2023 8:00,35,5,4,1,0,1,,,
4/8/2023 9:00,24,5,4,1,0,1,,,
4/8/2023 10:00,78,5,4,1,0,2,,,
4/8/2023 11:00,39,5,4,1,0,2,,,
4/8/2023 12:00,55,5,4,1,0,2,,,
4/8/2023 13:00,64,5,4,1,0,0,,,
4/8/2023 14:00,72,5,4,1,0,2,,,
4/8/2023 15:00,21,5,4,1,0,0,,,
4/8/2023 16:00,58,5,4,1,0,2,,,
4/8/2023 17:00,26,5,4,1,0,2,,,
4/8/2023 18:00,64,5,4,1,0,1,,,
4/8/2023 19:00,80,5,4,1,0,3,,,
4/8/2023 20:00,79,5,4,1,0,2,,,
4/8/2023 21:00,32,5,4,1,0,2,,,
4/8/2023 22:00,45,5,4,1,0,2,,,
4/8/2023 23:00,56,5,4,1,0,2,,,
4/9/2023 0:00,51,6,4,1,0,1,,,
4/9/2023 1:00,68,6,4,1,0,2,,,
4/9/2023 2:00,52,6,4,1,0,0,,,
4/9/2023 3:00,88,6,4,1,0,1,,,
4/9/2023 4:00,45,6,4,1,0,3,,,
4/9/2023 5:00,83,6,4,1,1,0,,,
4/9/2023 6:00,86,6,4,1,0,1,,,
4/9/2023 7:00,56,6,4,1,0,2,,,
4/9/2023 8:00,69,6,4,1,0,0,,,
4/9/2023 9:00,40,6,4,1,0,1,,,
4/9/2023 10:00,76,6,4,1,0,2,,,
4/9/2023 11:00,53,6,4,1,0,2,,,
4/9/2023 12:00,86,6,4,1,0,1,,,
4/9/2023 13:00,70,6,4,1,0,3,,,
4/9/2023 14:00,34,6,4,1,0,2,,,
4/9/2023 15:00,53,6,4,1,0,0,,,
4/9/2023 16:00,59,6,4,1,0,1,,,
4/9/2023 17:00,39,6,4,1,0,3,,,
4/9/2023 18:00,38,6,4,1,0,3,,,
4/9/2023 19:00,41,6,4,1,0,0,,,
4/9/2023 20:00,20,6,4,1,0,0,,,
4/9/2023 21:00,58,6,4,1,0,0,,,
4/9/2023 22:00,49,6,4,1,0,3,,,
4/9/2023 23:00,26,6,4,1,0,3,,,
4/10/2023 0:00,22,0,4,0,0,1,,,
4/10/2023 1:00,22,0,4,0,0,1,,,
4/10/2023 2:00,88,0,4,0,1,2,,,
4/10/2023 3:00,46,0,4,0,0,3,,,
4/10/2023 4:00,53,0,4,0,0,3,,,
4/10/2023 5:00,47,0,4,0,0,2,,,
4/10/2023 6:00,38,0,4,0,0,0,,,
4/10/2023 7:00,31,0,4,0,0,1,,,
4/10/2023 8:00,32,0,4,0,0,1,,,
4/10/2023 9:00,38,0,4,0,0,0,,,
4/10/2023 10:00,80,0,4,0,0,2,,,
4/10/2023 11:00,43,0,4,0,0,2,,,
4/10/2023 12:00,53,0,4,0,0,0,,,
4/10/2023 13:00,84,0,4,0,0,0,,,
4/10/2023 14:00,42,0,4,0,0,0,,,
4/10/2023 15:00,58,0,4,0,0,3,,,
4/10/2023 16:00,49,0,4,0,0,2,,,
4/10/2023 17:00,23,0,4,0,0,3,,,
4/10/2023 18:00,47,0,4,0,0,0,,,
4/10/2023 19:00,40,0,4,0,0,3,,,
4/10/2023 20:00,24,0,4,0,0,0,,,
4/10/2023 21:00,73,0,4,0,0,3,,,
4/10/2023 22:00,65,0,4,0,0,3,,,
4/10/2023 23:00,30,0,4,0,0,0,,,
4/11/2023 0:00,35,1,4,0,0,2,,,
4/11/2023 1:00,66,1,4,0,0,2,,,
4/11/2023 2:00,29,1,4,0,0,1,,,
4/11/2023 3:00,29,1,4,0,0,2,,,
4/11/2023 4:00,30,1,4,0,0,1,,,
4/11/2023 5:00,72,1,4,0,0,2,,,
4/11/2023 6:00,61,1,4,0,0,3,,,
4/11/2023 7:00,65,1,4,0,0,2,,,
4/11/2023 8:00,71,1,4,0,0,1,,,
4/11/2023 9:00,69,1,4,0,0,1,,,
4/11/2023 10:00,76,1,4,0,0,0,,,
4/11/2023 11:00,26,1,4,0,0,0,,,
4/11/2023 12:00,89,1,4,0,0,3,,,
4/11/2023 13:00,72,1,4,0,0,1,,,
4/11/2023 14:00,74,1,4,0,0,2,,,
4/11/2023 15:00,46,1,4,0,0,3,,,
4/11/2023 16:00,61,1,4,0,0,1,,,
4/11/2023 17:00,22,1,4,0,0,2,,,
4/11/2023 18:00,90,1,4,0,0,2,,,
4/11/2023 19:00,52,1,4,0,0,0,,,
4/11/2023 20:00,26,1,4,0,0,2,,,
4/11/2023 21:00,89,1,4,0,0,1,,,
4/11/2023 22:00,69,1,4,0,0,0,,,
4/11/2023 23:00,73,1,4,0,0,2,,,
4/12/2023 0:00,53,2,4,0,0,2,,,
4/12/2023 1:00,30,2,4,0,0,0,,,
4/12/2023 2:00,67,2,4,0,0,0,,,
4/12/2023 3:00,50,2,4,0,0,2,,,
4/12/2023 4:00,29,2,4,0,0,1,,,
4/12/2023 5:00,54,2,4,0,0,1,,,
4/12/2023 6:00,39,2,4,0,0,2,,,
4/12/2023 7:00,72,2,4,0,0,3,,,
4/12/2023 8:00,64,2,4,0,0,2,,,
4/12/2023 9:00,27,2,4,0,0,3,,,
4/12/2023 10:00,41,2,4,0,0,2,,,
4/12/2023 11:00,50,2,4,0,0,1,,,
4/12/2023 12:00,47,2,4,0,0,3,,,
4/12/2023 13:00,29,2,4,0,0,0,,,
4/12/2023 14:00,79,2,4,0,0,3,,,
4/12/2023 15:00,39,2,4,0,1,2,,,
4/12/2023 16:00,84,2,4,0,0,3,,,
4/12/2023 17:00,20,2,4,0,0,3,,,
4/12/2023 18:00,26,2,4,0,0,2,,,
4/12/2023 19:00,35,2,4,0,0,0,,,
4/12/2023 20:00,38,2,4,0,0,2,,,
4/12/2023 21:00,29,2,4,0,1,2,,,
4/12/2023 22:00,25,2,4,0,0,2,,,
4/12/2023 23:00,23,2,4,0,0,3,,,
4/13/2023 0:00,76,3,4,0,0,1,,,
4/13/2023 1:00,85,3,4,0,0,3,,,
4/13/2023 2:00,53,3,4,0,0,0,,,
4/13/2023 3:00,49,3,4,0,0,2,,,
4/13/2023 4:00,62,3,4,0,0,1,,,
4/13/2023 5:00,30,3,4,0,0,2,,,
4/13/2023 6:00,34,3,4,0,1,1,,,
4/13/2023 7:00,59,3,4,0,0,0,,,
4/13/2023 8:00,49,3,4,0,0,3,,,
4/13/2023 9:00,80,3,4,0,0,1,,,
4/13/2023 10:00,68,3,4,0,0,3,,,
4/13/2023 11:00,77,3,4,0,0,2,,,
4/13/2023 12:00,46,3,4,0,0,0,,,
4/13/2023 13:00,30,3,4,0,0,2,,,
4/13/2023 14:00,44,3,4,0,0,3,,,
4/13/2023 15:00,85,3,4,0,0,0,,,
4/13/2023 16:00,90,3,4,0,0,1,,,
4/13/2023 17:00,74,3,4,0,0,1,,,
4/13/2023 18:00,71,3,4,0,0,1,,,
4/13/2023 19:00,61,3,4,0,0,0,,,
4/13/2023 20:00,63,3,4,0,0,1,,,
4/13/2023 21:00,44,3,4,0,0,1,,,
4/13/2023 22:00,84,3,4,0,0,2,,,
4/13/2023 23:00,21,3,4,0,0,2,,,
4/14/2023 0:00,86,4,4,0,0,0,,,
4/14/2023 1:00,60,4,4,0,0,3,,,
4/14/2023 2:00,64,4,4,0,0,0,,,
4/14/2023 3:00,41,4,4,0,0,0,,,
4/14/2023 4:00,56,4,4,0,0,1,,,
4/14/2023 5:00,52,4,4,0,0,0,,,
4/14/2023 6:00,35,4,4,0,0,1,,,
4/14/2023 7:00,68,4,4,0,1,2,,,
4/14/2023 8:00,20,4,4,0,0,1,,,
4/14/2023 9:00,25,4,4,0,0,3,,,
4/14/2023 10:00,46,4,4,0,0,3,,,
4/14/2023 11:00,37,4,4,0,0,2,,,
4/14/2023 12:00,28,4,4,0,0,0,,,
4/14/2023 13:00,35,4,4,0,0,1,,,
4/14/2023 14:00,59,4,4,0,0,2,,,
4/14/2023 15:00,22,4,4,0,0,1,,,
4/14/2023 16:00,29,4,4,0,0,3,,,
4/14/2023 17:00,50,4,4,0,0,2,,,
4/14/2023 18:00,62,4,4,0,0,2,,,
4/14/2023 19:00,84,4,4,0,0,1,,,
4/14/2023 20:00,26,4,4,0,0,0,,,
4/14/2023 21:00,88,4,4,0,0,3,,,
4/14/2023 22:00,26,4,4,0,0,2,,,
4/14/2023 23:00,78,4,4,0,0,3,,,
4/15/2023 0:00,35,5,4,1,0,1,,,
4/15/2023 1:00,89,5,4,1,0,3,,,
4/15/2023 2:00,78,5,4,1,0,2,,,
4/15/2023 3:00,83,5,4,1,0,3,,,
4/15/2023 4:00,24,5,4,1,0,2,,,
4/15/2023 5:00,43,5,4,1,0,2,,,
4/15/2023 6:00,36,5,4,1,0,2,,,
4/15/2023 7:00,90,5,4,1,0,3,,,
4/15/2023 8:00,87,5,4,1,0,0,,,
4/15/2023 9:00,80,5,4,1,0,3,,,
4/15/2023 10:00,32,5,4,1,0,3,,,
4/15/2023 11:00,24,5,4,1,0,0,,,
4/15/2023 12:00,66,5,4,1,0,1,,,
4/15/2023 13:00,79,5,4,1,0,3,,,
4/15/2023 14:00,75,5,4,1,0,3,,,
4/15/2023 15:00,82,5,4,1,0,3,,,
4/15/2023 16:00,80,5,4,1,0,3,,,
4/15/2023 17:00,84,5,4,1,0,3,,,
4/15/2023 18:00,82,5,4,1,0,0,,,
4/15/2023 19:00,82,5,4,1,0,2,,,
4/15/2023 20:00,43,5,4,1,0,3,,,
4/15/2023 21:00,20,5,4,1,0,0,,,
4/15/2023 22:00,40,5,4,1,0,1,,,
4/15/2023 23:00,23,5,4,1,0,2,,,
4/16/2023 0:00,24,6,4,1,0,3,,,
4/16/2023 1:00,60,6,4,1,0,1,,,
4/16/2023 2:00,34,6,4,1,0,1,,,
4/16/2023 3:00,23,6,4,1,0,2,,,
4/16/2023 4:00,43,6,4,1,0,3,,,
4/16/2023 5:00,27,6,4,1,0,2,,,
4/16/2023 6:00,34,6,4,1,0,3,,,
4/16/2023 7:00,21,6,4,1,0,1,,,
4/16/2023 8:00,63,6,4,1,0,3,,,
4/16/2023 9:00,45,6,4,1,0,2,,,
4/16/2023 10:00,75,6,4,1,0,1,,,
4/16/2023 11:00,58,6,4,1,1,0,,,
4/16/2023 12:00,26,6,4,1,0,1,,,
4/16/2023 13:00,81,6,4,1,0,1,,,
4/16/2023 14:00,26,6,4,1,0,2,,,
4/16/2023 15:00,43,6,4,1,0,0,,,
4/16/2023 16:00,69,6,4,1,0,3,,,
4/16/2023 17:00,53,6,4,1,0,3,,,
4/16/2023 18:00,86,6,4,1,0,0,,,
4/16/2023 19:00,35,6,4,1,0,0,,,
4/16/2023 20:00,63,6,4,1,0,0,,,
4/16/2023 21:00,42,6,4,1,1,2,,,
4/16/2023 22:00,82,6,4,1,0,3,,,
4/16/2023 23:00,88,6,4,1,0,2,,,
4/17/2023 0:00,71,0,4,0,0,2,,,
4/17/2023 1:00,40,0,4,0,0,2,,,
4/17/2023 2:00,40,0,4,0,0,0,,,
4/17/2023 3:00,25,0,4,0,0,0,,,
4/17/2023 4:00,75,0,4,0,0,0,,,
4/17/2023 5:00,53,0,4,0,0,3,,,
4/17/2023 6:00,23,0,4,0,0,0,,,
4/17/2023 7:00,63,0,4,0,0,0,,,
4/17/2023 8:00,78,0,4,0,0,3,,,
4/17/2023 9:00,41,0,4,0,0,0,,,
4/17/2023 10:00,81,0,4,0,0,2,,,
4/17/2023 11:00,34,0,4,0,0,3,,,
4/17/2023 12:00,23,0,4,0,0,2,,,
4/17/2023 13:00,26,0,4,0,0,0,,,
4/17/2023 14:00,51,0,4,0,0,1,,,
4/17/2023 15:00,49,0,4,0,0,1,,,
4/17/2023 16:00,70,0,4,0,0,3,,,
4/17/2023 17:00,23,0,4,0,0,0,,,
4/17/2023 18:00,49,0,4,0,1,2,,,
4/17/2023 19:00,77,0,4,0,0,2,,,
4/17/2023 20:00,75,0,4,0,0,0,,,
4/17/2023 21:00,75,0,4,0,1,1,,,
4/17/2023 22:00,85,0,4,0,0,1,,,
4/17/2023 23:00,70,0,4,0,0,2,,,
4/18/2023 0:00,57,1,4,0,0,3,,,
4/18/2023 1:00,31,1,4,0,0,1,,,
4/18/2023 2:00,76,1,4,0,0,0,,,
4/18/2023 3:00,37,1,4,0,0,3,,,
4/18/2023 4:00,31,1,4,0,0,0,,,
4/18/2023 5:00,62,1,4,0,0,2,,,
4/18/2023 6:00,67,1,4,0,1,1,,,
4/18/2023 7:00,40,1,4,0,0,0,,,
4/18/2023 8:00,69,1,4,0,0,0,,,
4/18/2023 9:00,57,1,4,0,0,0,,,
4/18/2023 10:00,62,1,4,0,0,0,,,
4/18/2023 11:00,24,1,4,0,0,1,,,
4/18/2023 12:00,53,1,4,0,0,0,,,
4/18/2023 13:00,83,1,4,0,0,0,,,
4/18/2023 14:00,89,1,4,0,0,3,,,
4/18/2023 15:00,57,1,4,0,0,1,,,
4/18/2023 16:00,70,1,4,0,0,3,,,
4/18/2023 17:00,66,1,4,0,0,0,,,
4/18/2023 18:00,82,1,4,0,0,3,,,
4/18/2023 19:00,79,1,4,0,0,2,,,
4/18/2023 20:00,85,1,4,0,0,0,,,
4/18/2023 21:00,28,1,4,0,0,0,,,
4/18/2023 22:00,29,1,4,0,0,3,,,
4/18/2023 23:00,33,1,4,0,0,0,,,
4/19/2023 0:00,55,2,4,0,0,1,,,
4/19/2023 1:00,51,2,4,0,0,2,,,
4/19/2023 2:00,89,2,4,0,0,2,,,
4/19/2023 3:00,25,2,4,0,0,3,,,
4/19/2023 4:00,40,2,4,0,0,0,,,
4/19/2023 5:00,77,2,4,0,0,1,,,
4/19/2023 6:00,48,2,4,0,0,3,,,
4/19/2023 7:00,49,2,4,0,0,3,,,
4/19/2023 8:00,78,2,4,0,0,1,,,
4/19/2023 9:00,60,2,4,0,0,3,,,
4/19/2023 10:00,27,2,4,0,0,2,,,
4/19/2023 11:00,71,2,4,0,0,2,,,
4/19/2023 12:00,34,2,4,0,0,0,,,
4/19/2023 13:00,47,2,4,0,0,1,,,
4/19/2023 14:00,78,2,4,0,0,0,,,
4/19/2023 15:00,71,2,4,0,0,2,,,
4/19/2023 16:00,39,2,4,0,0,0,,,
4/19/2023 17:00,45,2,4,0,0,1,,,
4/19/2023 18:00,74,2,4,0,0,1,,,
4/19/2023 19:00,58,2,4,0,0,0,,,
4/19/2023 20:00,88,2,4,0,0,3,,,
4/19/2023 21:00,86,2,4,0,0,3,,,
4/19/2023 22:00,75,2,4,0,0,0,,,
4/19/2023 23:00,62,2,4,0,0,1,,,
4/20/2023 0:00,51,3,4,0,0,2,,,
4/20/2023 1:00,49,3,4,0,0,0,,,
4/20/2023 2:00,33,3,4,0,0,0,,,
4/20/2023 3:00,31,3,4,0,0,1,,,
4/20/2023 4:00,71,3,4,0,0,1,,,
4/20/2023 5:00,66,3,4,0,0,1,,,
4/20/2023 6:00,64,3,4,0,0,1,,,
4/20/2023 7:00,40,3,4,0,0,3,,,
4/20/2023 8:00,80,3,4,0,0,0,,,
4/20/2023 9:00,67,3,4,0,0,1,,,
4/20/2023 10:00,72,3,4,0,0,0,,,
4/20/2023 11:00,63,3,4,0,0,2,,,
4/20/2023 12:00,29,3,4,0,0,1,,,
4/20/2023 13:00,61,3,4,0,0,3,,,
4/20/2023 14:00,40,3,4,0,0,3,,,
4/20/2023 15:00,52,3,4,0,0,3,,,
4/20/2023 16:00,85,3,4,0,0,1,,,
4/20/2023 17:00,68,3,4,0,0,2,,,
4/20/2023 18:00,27,3,4,0,0,3,,,
4/20/2023 19:00,85,3,4,0,1,3,,,
4/20/2023 20:00,52,3,4,0,0,0,,,
4/20/2023 21:00,27,3,4,0,0,2,,,
4/20/2023 22:00,68,3,4,0,0,1,,,
4/20/2023 23:00,76,3,4,0,0,3,,,
4/21/2023 0:00,40,4,4,0,0,0,,,
4/21/2023 1:00,83,4,4,0,0,0,,,
4/21/2023 2:00,20,4,4,0,0,0,,,
4/21/2023 3:00,69,4,4,0,0,0,,,
4/21/2023 4:00,59,4,4,0,0,2,,,
4/21/2023 5:00,74,4,4,0,0,1,,,
4/21/2023 6:00,72,4,4,0,0,0,,,
4/21/2023 7:00,36,4,4,0,0,1,,,
4/21/2023 8:00,54,4,4,0,0,1,,,
4/21/2023 9:00,88,4,4,0,0,0,,,
4/21/2023 10:00,66,4,4,0,0,2,,,
4/21/2023 11:00,38,4,4,0,0,0,,,
4/21/2023 12:00,49,4,4,0,0,0,,,
4/21/2023 13:00,55,4,4,0,0,0,,,
4/21/2023 14:00,41,4,4,0,0,3,,,
4/21/2023 15:00,37,4,4,0,0,2,,,
4/21/2023 16:00,25,4,4,0,1,3,,,
4/21/2023 17:00,31,4,4,0,0,3,,,
4/21/2023 18:00,76,4,4,0,0,1,,,
4/21/2023 19:00,79,4,4,0,0,3,,,
4/21/2023 20:00,71,4,4,0,0,0,,,
4/21/2023 21:00,76,4,4,0,0,0,,,
4/21/2023 22:00,20,4,4,0,0,0,,,
4/21/2023 23:00,50,4,4,0,0,0,,,
4/22/2023 0:00,62,5,4,1,0,2,,,
4/22/2023 1:00,76,5,4,1,0,3,,,
4/22/2023 2:00,79,5,4,1,0,3,,,
4/22/2023 3:00,54,5,4,1,0,1,,,
4/22/2023 4:00,76,5,4,1,0,1,,,
4/22/2023 5:00,36,5,4,1,0,1,,,
4/22/2023 6:00,69,5,4,1,0,2,,,
4/22/2023 7:00,82,5,4,1,0,1,,,
4/22/2023 8:00,41,5,4,1,0,2,,,
4/22/2023 9:00,63,5,4,1,1,3,,,
4/22/2023 10:00,34,5,4,1,0,1,,,
4/22/2023 11:00,80,5,4,1,0,0,,,
4/22/2023 12:00,71,5,4,1,0,3,,,
4/22/2023 13:00,56,5,4,1,0,0,,,
4/22/2023 14:00,85,5,4,1,0,2,,,
4/22/2023 15:00,36,5,4,1,0,1,,,
4/22/2023 16:00,25,5,4,1,0,0,,,
4/22/2023 17:00,56,5,4,1,0,0,,,
4/22/2023 18:00,54,5,4,1,0,1,,,
4/22/2023 19:00,69,5,4,1,0,3,,,
4/22/2023 20:00,26,5,4,1,0,2,,,
4/22/2023 21:00,70,5,4,1,0,1,,,
4/22/2023 22:00,41,5,4,1,0,0,,,
4/22/2023 23:00,52,5,4,1,0,2,,,
4/23/2023 0:00,63,6,4,1,0,0,,,
4/23/2023 1:00,83,6,4,1,0,0,,,
4/23/2023 2:00,85,6,4,1,0,2,,,
4/23/2023 3:00,65,6,4,1,0,3,,,
4/23/2023 4:00,58,6,4,1,0,1,,,
4/23/2023 5:00,61,6,4,1,0,1,,,
4/23/2023 6:00,20,6,4,1,0,0,,,
4/23/2023 7:00,75,6,4,1,0,1,,,
4/23/2023 8:00,37,6,4,1,0,0,,,
4/23/2023 9:00,33,6,4,1,0,2,,,
4/23/2023 10:00,36,6,4,1,0,3,,,
4/23/2023 11:00,64,6,4,1,0,1,,,
4/23/2023 12:00,56,6,4,1,0,2,,,
4/23/2023 13:00,23,6,4,1,0,1,,,
4/23/2023 14:00,23,6,4,1,0,0,,,
4/23/2023 15:00,50,6,4,1,0,1,,,
4/23/2023 16:00,35,6,4,1,0,1,,,
4/23/2023 17:00,46,6,4,1,0,2,,,
4/23/2023 18:00,37,6,4,1,0,3,,,
4/23/2023 19:00,59,6,4,1,0,1,,,
4/23/2023 20:00,28,6,4,1,0,0,,,
4/23/2023 21:00,35,6,4,1,0,2,,,
4/23/2023 22:00,45,6,4,1,0,3,,,
4/23/2023 23:00,44,6,4,1,0,1,,,
4/24/2023 0:00,72,0,4,0,0,2,,,
4/24/2023 1:00,61,0,4,0,0,0,,,
4/24/2023 2:00,75,0,4,0,0,2,,,
4/24/2023 3:00,30,0,4,0,0,2,,,
4/24/2023 4:00,31,0,4,0,0,3,,,
4/24/2023 5:00,32,0,4,0,0,0,,,
4/24/2023 6:00,55,0,4,0,0,2,,,
4/24/2023 7:00,31,0,4,0,0,0,,,
4/24/2023 8:00,55,0,4,0,0,1,,,
4/24/2023 9:00,25,0,4,0,0,2,,,
4/24/2023 10:00,82,0,4,0,0,2,,,
4/24/2023 11:00,40,0,4,0,0,3,,,
4/24/2023 12:00,25,0,4,0,0,3,,,
4/24/2023 13:00,76,0,4,0,0,3,,,
4/24/2023 14:00,83,0,4,0,0,0,,,
4/24/2023 15:00,66,0,4,0,0,3,,,
4/24/2023 16:00,57,0,4,0,0,2,,,
4/24/2023 17:00,54,0,4,0,1,3,,,
4/24/2023 18:00,76,0,4,0,0,0,,,
4/24/2023 19:00,38,0,4,0,0,0,,,
4/24/2023 20:00,65,0,4,0,0,2,,,
4/24/2023 21:00,68,0,4,0,0,0,,,
4/24/2023 22:00,40,0,4,0,0,3,,,
4/24/2023 23:00,37,0,4,0,0,0,,,
4/25/2023 0:00,41,1,4,0,0,2,,,
4/25/2023 1:00,84,1,4,0,0,0,,,
4/25/2023 2:00,42,1,4,0,0,3,,,
4/25/2023 3:00,78,1,4,0,0,2,,,
4/25/2023 4:00,21,1,4,0,0,0,,,
4/25/2023 5:00,68,1,4,0,0,3,,,
4/25/2023 6:00,51,1,4,0,0,3,,,
4/25/2023 7:00,76,1,4,0,0,2,,,
4/25/2023 8:00,71,1,4,0,0,1,,,
4/25/2023 9:00,23,1,4,0,0,2,,,
4/25/2023 10:00,38,1,4,0,0,1,,,
4/25/2023 11:00,67,1,4,0,0,0,,,
4/25/2023 12:00,43,1,4,0,0,2,,,
4/25/2023 13:00,57,1,4,0,0,3,,,
4/25/2023 14:00,84,1,4,0,0,0,,,
4/25/2023 15:00,27,1,4,0,1,1,,,
4/25/2023 16:00,72,1,4,0,0,2,,,
4/25/2023 17:00,60,1,4,0,0,3,,,
4/25/2023 18:00,32,1,4,0,0,1,,,
4/25/2023 19:00,59,1,4,0,0,3,,,
4/25/2023 20:00,55,1,4,0,0,1,,,
4/25/2023 21:00,75,1,4,0,0,2,,,
4/25/2023 22:00,76,1,4,0,0,1,,,
4/25/2023 23:00,73,1,4,0,0,3,,,
4/26/2023 0:00,46,2,4,0,0,3,,,
4/26/2023 1:00,38,2,4,0,0,3,,,
4/26/2023 2:00,24,2,4,0,0,2,,,
4/26/2023 3:00,52,2,4,0,0,2,,,
4/26/2023 4:00,80,2,4,0,0,1,,,
4/26/2023 5:00,66,2,4,0,0,2,,,
4/26/2023 6:00,24,2,4,0,0,2,,,
4/26/2023 7:00,29,2,4,0,0,2,,,
4/26/2023 8:00,77,2,4,0,0,0,,,
4/26/2023 9:00,82,2,4,0,0,1,,,
4/26/2023 10:00,25,2,4,0,0,3,,,
4/26/2023 11:00,86,2,4,0,0,3,,,
4/26/2023 12:00,65,2,4,0,0,2,,,
4/26/2023 13:00,41,2,4,0,0,0,,,
4/26/2023 14:00,63,2,4,0,0,1,,,
4/26/2023 15:00,68,2,4,0,0,1,,,
4/26/2023 16:00,22,2,4,0,0,2,,,
4/26/2023 17:00,73,2,4,0,0,2,,,
4/26/2023 18:00,76,2,4,0,0,2,,,
4/26/2023 19:00,35,2,4,0,0,1,,,
4/26/2023 20:00,61,2,4,0,0,0,,,
4/26/2023 21:00,43,2,4,0,0,1,,,
4/26/2023 22:00,74,2,4,0,0,1,,,
4/26/2023 23:00,42,2,4,0,0,0,,,
4/27/2023 0:00,57,3,4,0,0,0,,,
4/27/2023 1:00,24,3,4,0,0,3,,,
4/27/2023 2:00,25,3,4,0,0,0,,,
4/27/2023 3:00,32,3,4,0,0,0,,,
4/27/2023 4:00,43,3,4,0,0,2,,,
4/27/2023 5:00,50,3,4,0,0,1,,,
4/27/2023 6:00,72,3,4,0,0,2,,,
4/27/2023 7:00,63,3,4,0,0,1,,,
4/27/2023 8:00,71,3,4,0,0,3,,,
4/27/2023 9:00,31,3,4,0,0,3,,,
4/27/2023 10:00,71,3,4,0,0,3,,,
4/27/2023 11:00,34,3,4,0,0,1,,,
4/27/2023 12:00,39,3,4,0,0,0,,,
4/27/2023 13:00,48,3,4,0,0,0,,,
4/27/2023 14:00,29,3,4,0,0,1,,,
4/27/2023 15:00,33,3,4,0,0,1,,,
4/27/2023 16:00,75,3,4,0,0,3,,,
4/27/2023 17:00,69,3,4,0,0,1,,,
4/27/2023 18:00,45,3,4,0,0,0,,,
4/27/2023 19:00,36,3,4,0,0,3,,,
4/27/2023 20:00,51,3,4,0,0,2,,,
4/27/2023 21:00,32,3,4,0,0,2,,,
4/27/2023 22:00,62,3,4,0,0,0,,,
4/27/2023 23:00,71,3,4,0,0,3,,,
4/28/2023 0:00,43,4,4,0,0,0,,,
4/28/2023 1:00,56,4,4,0,0,1,,,
4/28/2023 2:00,20,4,4,0,0,3,,,
4/28/2023 3:00,57,4,4,0,0,0,,,
4/28/2023 4:00,54,4,4,0,0,3,,,
4/28/2023 5:00,29,4,4,0,0,1,,,
4/28/2023 6:00,54,4,4,0,0,2,,,
4/28/2023 7:00,87,4,4,0,0,2,,,
4/28/2023 8:00,48,4,4,0,0,3,,,
4/28/2023 9:00,64,4,4,0,0,3,,,
4/28/2023 10:00,48,4,4,0,0,0,,,
4/28/2023 11:00,40,4,4,0,0,2,,,
4/28/2023 12:00,88,4,4,0,0,0,,,
4/28/2023 13:00,30,4,4,0,0,1,,,
4/28/2023 14:00,80,4,4,0,0,3,,,
4/28/2023 15:00,61,4,4,0,0,2,,,
4/28/2023 16:00,56,4,4,0,0,3,,,
4/28/2023 17:00,43,4,4,0,0,0,,,
4/28/2023 18:00,79,4,4,0,0,1,,,
4/28/2023 19:00,84,4,4,0,0,2,,,
4/28/2023 20:00,42,4,4,0,0,2,,,
4/28/2023 21:00,26,4,4,0,0,0,,,
4/28/2023 22:00,90,4,4,0,0,0,,,
4/28/2023 23:00,83,4,4,0,0,2,,,
4/29/2023 0:00,84,5,4,1,0,2,,,
4/29/2023 1:00,65,5,4,1,0,2,,,
4/29/2023 2:00,73,5,4,1,0,3,,,
4/29/2023 3:00,43,5,4,1,0,3,,,
4/29/2023 4:00,79,5,4,1,0,1,,,
4/29/2023 5:00,28,5,4,1,0,2,,,
4/29/2023 6:00,65,5,4,1,0,2,,,
4/29/2023 7:00,44,5,4,1,0,1,,,
4/29/2023 8:00,78,5,4,1,0,3,,,
4/29/2023 9:00,81,5,4,1,0,3,,,
4/29/2023 10:00,51,5,4,1,0,0,,,
4/29/2023 11:00,73,5,4,1,0,3,,,
4/29/2023 12:00,23,5,4,1,0,0,,,
4/29/2023 13:00,83,5,4,1,0,2,,,
4/29/2023 14:00,22,5,4,1,0,2,,,
4/29/2023 15:00,70,5,4,1,0,1,,,
4/29/2023 16:00,36,5,4,1,0,2,,,
4/29/2023 17:00,65,5,4,1,0,2,,,
4/29/2023 18:00,88,5,4,1,1,3,,,
4/29/2023 19:00,26,5,4,1,0,1,,,
4/29/2023 20:00,75,5,4,1,0,0,,,
4/29/2023 21:00,30,5,4,1,0,3,,,
4/29/2023 22:00,41,5,4,1,0,2,,,
4/29/2023 23:00,75,5,4,1,0,2,,,
4/30/2023 0:00,54,6,4,1,0,3,,,
4/30/2023 1:00,55,6,4,1,0,0,,,
4/30/2023 2:00,43,6,4,1,0,2,,,
4/30/2023 3:00,37,6,4,1,0,3,,,
4/30/2023 4:00,66,6,4,1,0,3,,,
4/30/2023 5:00,22,6,4,1,0,0,,,
4/30/2023 6:00,67,6,4,1,0,0,,,
4/30/2023 7:00,57,6,4,1,0,3,,,
4/30/2023 8:00,42,6,4,1,0,3,,,
4/30/2023 9:00,33,6,4,1,0,1,,,
4/30/2023 10:00,74,6,4,1,0,1,,,
4/30/2023 11:00,62,6,4,1,0,0,,,
4/30/2023 12:00,48,6,4,1,0,0,,,
4/30/2023 13:00,29,6,4,1,0,3,,,
4/30/2023 14:00,84,6,4,1,0,1,,,
4/30/2023 15:00,45,6,4,1,0,2,,,
4/30/2023 16:00,31,6,4,1,0,3,,,
4/30/2023 17:00,23,6,4,1,0,2,,,
4/30/2023 18:00,73,6,4,1,1,3,,,
4/30/2023 19:00,73,6,4,1,0,3,,,
4/30/2023 20:00,63,6,4,1,0,2,,,
4/30/2023 21:00,42,6,4,1,0,1,,,
4/30/2023 22:00,47,6,4,1,0,0,,,
4/30/2023 23:00,48,6,4,1,0,0,,,
5/1/2023 0:00,26,0,5,0,0,3,,,
5/1/2023 1:00,52,0,5,0,0,2,,,
5/1/2023 2:00,83,0,5,0,0,0,,,
5/1/2023 3:00,27,0,5,0,0,2,,,
5/1/2023 4:00,64,0,5,0,0,0,,,
5/1/2023 5:00,61,0,5,0,0,2,,,
5/1/2023 6:00,32,0,5,0,0,3,,,
5/1/2023 7:00,88,0,5,0,0,3,,,
5/1/2023 8:00,23,0,5,0,0,2,,,
5/1/2023 9:00,84,0,5,0,0,1,,,
5/1/2023 10:00,23,0,5,0,0,1,,,
5/1/2023 11:00,35,0,5,0,0,0,,,
5/1/2023 12:00,79,0,5,0,0,3,,,
5/1/2023 13:00,86,0,5,0,0,3,,,
5/1/2023 14:00,31,0,5,0,0,1,,,
5/1/2023 15:00,53,0,5,0,0,3,,,
5/1/2023 16:00,68,0,5,0,0,0,,,
5/1/2023 17:00,59,0,5,0,0,3,,,
5/1/2023 18:00,67,0,5,0,0,2,,,
5/1/2023 19:00,52,0,5,0,0,1,,,
5/1/2023 20:00,51,0,5,0,0,1,,,
5/1/2023 21:00,80,0,5,0,0,0,,,
5/1/2023 22:00,52,0,5,0,0,2,,,
5/1/2023 23:00,47,0,5,0,0,2,,,
5/2/2023 0:00,70,1,5,0,0,0,,,
5/2/2023 1:00,85,1,5,0,0,2,,,
5/2/2023 2:00,68,1,5,0,0,1,,,
5/2/2023 3:00,55,1,5,0,0,3,,,
5/2/2023 4:00,68,1,5,0,0,2,,,
5/2/2023 5:00,38,1,5,0,0,1,,,
5/2/2023 6:00,63,1,5,0,0,3,,,
5/2/2023 7:00,25,1,5,0,0,3,,,
5/2/2023 8:00,53,1,5,0,0,2,,,
5/2/2023 9:00,55,1,5,0,0,2,,,
5/2/2023 10:00,61,1,5,0,0,1,,,
5/2/2023 11:00,58,1,5,0,0,2,,,
5/2/2023 12:00,32,1,5,0,0,0,,,
5/2/2023 13:00,69,1,5,0,0,1,,,
5/2/2023 14:00,81,1,5,0,0,1,,,
5/2/2023 15:00,33,1,5,0,0,3,,,
5/2/2023 16:00,24,1,5,0,0,0,,,
5/2/2023 17:00,32,1,5,0,0,1,,,
5/2/2023 18:00,43,1,5,0,0,0,,,
5/2/2023 19:00,49,1,5,0,0,1,,,
5/2/2023 20:00,77,1,5,0,0,0,,,
5/2/2023 21:00,27,1,5,0,0,3,,,
5/2/2023 22:00,24,1,5,0,0,2,,,
5/2/2023 23:00,57,1,5,0,0,1,,,
5/3/2023 0:00,73,2,5,0,0,2,,,
5/3/2023 1:00,80,2,5,0,0,1,,,
5/3/2023 2:00,20,2,5,0,0,0,,,
5/3/2023 3:00,69,2,5,0,0,0,,,
5/3/2023 4:00,76,2,5,0,0,0,,,
5/3/2023 5:00,20,2,5,0,0,0,,,
5/3/2023 6:00,51,2,5,0,0,0,,,
5/3/2023 7:00,86,2,5,0,0,2,,,
5/3/2023 8:00,75,2,5,0,0,0,,,
5/3/2023 9:00,30,2,5,0,0,2,,,
5/3/2023 10:00,53,2,5,0,0,2,,,
5/3/2023 11:00,56,2,5,0,0,2,,,
5/3/2023 12:00,77,2,5,0,0,0,,,
5/3/2023 13:00,76,2,5,0,0,3,,,
5/3/2023 14:00,47,2,5,0,0,1,,,
5/3/2023 15:00,73,2,5,0,0,0,,,
5/3/2023 16:00,87,2,5,0,0,2,,,
5/3/2023 17:00,70,2,5,0,0,3,,,
5/3/2023 18:00,83,2,5,0,0,3,,,
5/3/2023 19:00,86,2,5,0,0,2,,,
5/3/2023 20:00,34,2,5,0,0,3,,,
5/3/2023 21:00,58,2,5,0,0,3,,,
5/3/2023 22:00,60,2,5,0,0,2,,,
5/3/2023 23:00,28,2,5,0,0,2,,,
5/4/2023 0:00,37,3,5,0,0,3,,,
5/4/2023 1:00,38,3,5,0,0,3,,,
5/4/2023 2:00,57,3,5,0,0,1,,,
5/4/2023 3:00,49,3,5,0,0,2,,,
5/4/2023 4:00,69,3,5,0,0,1,,,
5/4/2023 5:00,63,3,5,0,0,3,,,
5/4/2023 6:00,21,3,5,0,0,2,,,
5/4/2023 7:00,66,3,5,0,0,1,,,
5/4/2023 8:00,57,3,5,0,0,2,,,
5/4/2023 9:00,42,3,5,0,0,0,,,
5/4/2023 10:00,73,3,5,0,0,3,,,
5/4/2023 11:00,58,3,5,0,0,0,,,
5/4/2023 12:00,41,3,5,0,0,1,,,
5/4/2023 13:00,39,3,5,0,0,3,,,
5/4/2023 14:00,79,3,5,0,0,3,,,
5/4/2023 15:00,45,3,5,0,0,3,,,
5/4/2023 16:00,48,3,5,0,0,2,,,
5/4/2023 17:00,30,3,5,0,0,1,,,
5/4/2023 18:00,22,3,5,0,0,3,,,
5/4/2023 19:00,57,3,5,0,0,2,,,
5/4/2023 20:00,39,3,5,0,0,0,,,
5/4/2023 21:00,52,3,5,0,0,2,,,
5/4/2023 22:00,60,3,5,0,0,3,,,
5/4/2023 23:00,23,3,5,0,0,2,,,
5/5/2023 0:00,38,4,5,0,0,1,,,
5/5/2023 1:00,28,4,5,0,0,0,,,
5/5/2023 2:00,58,4,5,0,0,0,,,
5/5/2023 3:00,72,4,5,0,0,2,,,
5/5/2023 4:00,58,4,5,0,0,1,,,
5/5/2023 5:00,26,4,5,0,0,2,,,
5/5/2023 6:00,77,4,5,0,0,0,,,
5/5/2023 7:00,40,4,5,0,1,2,,,
5/5/2023 8:00,29,4,5,0,0,2,,,
5/5/2023 9:00,83,4,5,0,0,3,,,
5/5/2023 10:00,49,4,5,0,0,3,,,
5/5/2023 11:00,30,4,5,0,0,0,,,
5/5/2023 12:00,66,4,5,0,0,1,,,
5/5/2023 13:00,60,4,5,0,0,0,,,
5/5/2023 14:00,37,4,5,0,0,3,,,
5/5/2023 15:00,62,4,5,0,0,0,,,
5/5/2023 16:00,23,4,5,0,0,1,,,
5/5/2023 17:00,89,4,5,0,0,2,,,
5/5/2023 18:00,51,4,5,0,0,1,,,
5/5/2023 19:00,84,4,5,0,0,2,,,
5/5/2023 20:00,47,4,5,0,0,2,,,
5/5/2023 21:00,27,4,5,0,0,2,,,
5/5/2023 22:00,41,4,5,0,0,0,,,
5/5/2023 23:00,53,4,5,0,0,3,,,
