time_index,actual,lstm_pred,arimax_pred,hybrid_pred
0,56.999996,56.963017,58.430562711612566,56.963016510009766
1,64.0,58.089504,62.956180844388506,58.08950424194336
2,64.0,64.50598,67.18041539982468,64.5059814453125
3,67.0,67.54447,72.68647495684985,67.54447174072266
4,96.00001,71.29532,79.10461411291583,71.29531860351562
5,92.0,87.434326,85.40997392095865,87.434326171875
6,89.0,89.25878,89.31273822430795,89.25878143310547
7,89.0,89.17498,93.64730419020057,89.17498016357422
8,91.00001,89.2405,97.48744129963848,89.2405014038086
9,91.00001,91.84616,99.98397787923494,91.84616088867188
10,89.0,92.49064,100.37930645252129,92.49063873291016
11,85.00001,90.70958,98.01564915359327,90.70957946777344
12,115.0,86.501236,98.69973620103154,86.50123596191406
13,100.0,99.638725,94.97139477225357,99.63872528076172
14,88.0,89.71708,90.2717980922809,89.71707916259766
15,81.0,82.03658,82.3814141806389,82.03658294677734
16,67.0,72.309425,76.12423877046238,72.3094253540039
17,66.0,64.03946,70.61616528874674,64.03945922851562
18,56.999996,60.75373,63.84571049028513,60.75373077392578
19,49.0,54.905037,62.21739664687645,54.90503692626953
20,47.0,51.852547,55.992938843675304,51.85254669189453
21,46.0,47.287746,56.83897634218322,47.28774642944336
22,47.0,47.19199,55.331970527001005,47.19198989868164
23,50.999996,48.339317,58.49291551116077,48.339317321777344
24,48.000004,52.7086,57.969794547740236,52.70859909057617
25,56.0,53.26565,65.04071021470673,53.26565170288086
26,66.0,61.090454,67.99230812105563,61.0904541015625
27,62.999996,68.46588,72.22572838177476,68.46588134765625
28,59.999996,69.33577,78.00754828275979,69.33576965332031
29,75.0,68.98857,86.22187439564821,68.98857116699219
30,87.0,77.43237,92.03360443408522,77.432373046875
31,92.0,86.66012,93.8228843999704,86.66011810302734
32,91.00001,89.897575,97.02670018776834,89.89757537841797
33,86.0,89.12865,98.25059369543254,89.12864685058594
34,80.0,86.08529,98.64592237862516,86.08528900146484
35,82.0,82.0998,98.19123002855422,82.09980010986328
36,84.0,81.28392,98.23899548780057,81.28392028808594
37,82.0,80.399734,92.60168919968574,80.39973449707031
38,78.0,77.08125,86.62944927856122,77.08125305175781
39,70.0,72.530876,82.55699514139847,72.53087615966797
40,62.0,66.59902,78.84510624696901,66.5990219116211
41,53.999996,61.81476,70.15542462998471,61.81475830078125
42,59.0,55.512203,78.85821256630075,55.512203216552734
43,65.0,59.984264,75.95725546865997,59.9842643737793
44,64.0,63.96031,72.27808417677132,63.96031188964844
45,61.0,64.64881,69.942513537353,64.64881134033203
46,64.0,64.3968,72.88975911605431,64.39679718017578
47,66.0,68.032265,70.96013107904379,68.03226470947266
48,64.0,70.49673,75.52758313701958,70.4967269897461
49,70.0,72.490456,80.68953392104498,72.4904556274414
50,71.0,78.28824,82.3684885720964,78.28823852539062
51,86.0,80.61694,87.87455208816166,80.616943359375
52,89.0,90.00153,96.83798012747738,90.00153350830078
53,101.99999,95.30097,99.96173321906073,95.30097198486328
54,103.0,102.88949,107.68242814049353,102.88948822021484
55,98.0,104.82352,112.01699461703687,104.82351684570312
56,103.0,103.483734,113.31184552184435,103.48373413085938
57,105.0,105.43575,114.5357390295094,105.43575286865234
58,100.0,105.77147,114.29474608503855,105.77146911621094
59,101.99999,102.947845,113.20373210730396,102.94784545898438
60,101.00001,101.96681,110.70621105589467,101.96681213378906
61,105.0,99.02838,109.52315616142765,99.02838134765625
62,99.0,98.898926,105.45988112329506,98.89892578125
63,94.0,93.29166,97.56949722014863,93.29165649414062
64,88.0,87.74161,91.31232181506338,87.74160766601562
65,118.0,81.07964,88.98585647471863,81.07964324951172
66,97.0,93.02794,81.57908005042155,93.02793884277344
67,85.00001,81.19041,74.86019318679703,81.1904067993164
68,78.0,75.256386,71.81734352257234,75.25638580322266
69,72.0,71.12386,72.02705939380985,71.12386322021484
70,123.0,70.29158,72.42901846185534,70.29158020019531
71,96.00001,98.881966,70.49939042484482,98.88196563720703
72,88.0,86.11059,76.33948573814851,86.11058807373047
73,80.0,85.8894,77.68350675619018,85.88939666748047
74,86.0,81.405014,82.54406954556137,81.40501403808594
75,84.0,86.75652,87.41381143396268,86.75652313232422
76,84.0,88.34108,96.37723947327842,88.34107971191406
77,91.00001,91.48073,98.86467093719781,91.48072814941406
78,93.0,96.0302,104.04007934797477,96.03019714355469
79,107.99999,97.99115,111.5562539628379,97.99114990234375
80,107.00001,106.90833,114.76006975063723,106.90833282470703
81,110.0,107.10139,116.62028488596624,107.10138702392578
82,110.0,108.74095,115.10664868616749,108.74095153808594
83,111.0,108.47258,115.2882779637608,108.47257995605469
84,103.0,107.43935,110.2454704016957,107.43934631347656
85,101.00001,101.17002,107.78977225190076,101.1700210571289
86,107.00001,96.884056,102.45385395844028,96.8840560913086
87,93.0,96.0418,96.47243493828572,96.04180145263672
88,88.0,86.27789,90.85158116086441,86.27789306640625
89,79.0,80.59878,88.52511582051966,80.5987777709961
90,72.0,71.88348,81.11833939622258,71.88347625732422
91,70.0,68.13756,74.39945253259808,68.13755798339844
92,66.0,66.59703,70.72028124070941,66.59703063964844
93,64.0,65.262535,72.20264036727482,65.26253509521484
94,56.999996,66.37307,68.78666966933659,66.3730697631836
95,61.0,62.350155,71.9476146536377,62.350154876708984
96,66.0,66.193924,73.33345857329373,66.19392395019531
97,68.0,69.76018,79.76805261264704,69.76017761230469
98,71.0,73.763664,81.44700726369845,73.76366424560547
99,77.0,77.17223,86.9530707797637,77.17223358154297
100,84.0,82.268875,94.00753393608758,82.26887512207031
101,92.0,88.886406,101.5855384213186,88.88640594482422
102,96.00001,95.78483,103.57933869377581,95.78482818603516
103,95.0,98.98777,107.91390517031915,98.9877700805664
104,101.99999,99.08049,114.29932909643826,99.08049011230469
105,97.0,103.66256,112.9779360934475,103.66255950927734
106,96.00001,100.96662,113.37326477664061,100.96662139892578
107,95.0,99.119865,115.46385893722578,99.11986541748047
108,101.00001,97.23136,111.05737300282463,97.23136138916016
109,99.0,97.83006,106.05638834237388,97.83006286621094
110,98.0,93.72181,104.53839981489712,93.72180938720703
111,90.00001,90.471344,99.1933024224065,90.47134399414062
112,82.0,83.89405,92.29980538965731,83.89405059814453
113,78.0,76.64308,85.51908865566486,76.64308166503906
114,69.0,70.53945,77.47599060370383,70.5394515991211
115,74.0,65.46821,76.4839983890549,65.46820831298828
116,69.0,67.96072,70.25954058651044,67.9607162475586
117,66.0,65.91979,68.56029157475608,65.91979217529297
118,62.0,65.58766,68.32592901513763,65.58766174316406
119,64.0,65.24273,69.57790911644686,65.24272918701172
120,71.0,68.08642,75.41800442975057,68.08641815185547
121,77.0,74.21582,77.3983470754562,74.2158203125
122,85.00001,79.68418,81.62258823716343,79.6841812133789
123,92.0,86.42551,89.67393826388451,86.42550659179688
124,88.0,93.406006,92.27415002656069,93.406005859375
125,96.00001,93.395294,98.57951125646382,93.39529418945312
126,99.0,98.63364,106.3002061778966,98.63363647460938
127,100.0,102.01636,107.45316451612018,102.016357421875
128,100.0,103.37698,110.65698030391951,103.37698364257812
129,103.0,103.137314,113.15351706691247,103.13731384277344
130,113.00001,104.402534,115.45781063309745,104.40253448486328
131,107.99999,108.95841,111.82151014470703,108.95841217041016
132,107.00001,104.91747,109.96031072096171,104.91747283935547
133,105.0,102.12975,108.77725582649468,102.12975311279297
134,105.0,98.61804,101.53237265004233,98.6180419921875
135,99.0,95.257614,96.1872752575517,95.25761413574219
136,86.0,88.925865,89.93009985246647,88.92586517333984
137,80.0,79.21963,85.0583480014659,79.2196273803711
138,67.0,72.60007,77.01524994950486,72.60006713867188
139,68.0,65.706406,72.84164959653616,65.70640563964844
140,69.0,65.24712,70.43512155997541,65.24712371826172
141,62.999996,66.00078,68.0995509205571,66.00077819824219
142,81.0,64.80159,68.5015099886026,64.80158996582031
143,71.0,74.86485,69.11716846224789,74.86485290527344
144,71.0,72.314156,73.04829889255973,72.31415557861328
145,71.0,74.38771,75.66496316592932,74.38771057128906
146,77.0,75.89502,80.5255259553005,75.89501953125
147,77.0,81.75733,86.66791109902971,81.75733184814453
148,88.0,85.16241,91.81340937236172,85.16240692138672
149,95.0,92.99449,98.11877060226485,92.99449157714844
150,106.0,98.89762,105.20314389603368,98.89762115478516
151,100.0,107.04116,106.9924238619212,107.0411605834961
152,107.00001,105.141785,113.37784778804031,105.14178466796875
153,105.0,109.51701,115.23806292336933,109.51701354980469
154,113.00001,108.1881,114.36074835123452,108.18810272216797
155,110.0,110.78184,111.99709111817202,110.7818374633789
156,110.0,106.58438,109.49957006676273,106.58438110351562
157,107.00001,103.85216,108.31651517229571,103.85215759277344
158,101.00001,99.72403,100.4353103681794,99.72402954101562
159,156.0,93.09299,97.6354994863446,93.09298706054688
160,124.0,116.7626,92.65096733658726,116.76260375976562
161,100.0,95.02234,84.59760734726692,95.0223388671875
162,81.0,84.27302,64.39257369947487,84.27301788330078
163,69.0,64.91962,63.400581484825935,64.91961669921875
164,59.0,59.699387,57.812445309945424,59.69938659667969
165,53.0,56.03,57.38583955351897,56.029998779296875
166,48.000004,55.01589,56.515155366236556,55.01588821411133
167,52.0,52.99489,59.67610035053766,52.99488830566406
168,52.0,56.038876,60.42562264252974,56.038875579833984
169,59.999996,57.07977,66.2238950542191,57.079769134521484
170,64.0,63.58349,68.53917133293444,63.58348846435547
171,70.0,67.18113,73.40891322133577,67.1811294555664
172,67.0,72.39855,79.19073312233172,72.39855194091797
173,74.0,72.82504,88.04138086289066,72.82504272460938
174,80.0,79.56832,90.03518113534787,79.56832122802734
175,81.0,83.08187,95.64239086721912,83.08187103271484
176,83.0,84.95511,97.57356339969054,84.95510864257812
177,90.00001,85.65155,99.43377853501954,85.65155029296875
178,87.0,88.43498,99.82910721821267,88.43498229980469
179,87.0,86.19541,100.64705812346993,86.1954116821289
180,89.0,85.87769,99.42218032738856,85.87769317626953
181,87.0,85.84471,92.51223078394594,85.84471130371094
182,86.0,81.439476,90.99424225646918,81.4394760131836
183,85.00001,78.36469,85.0128232363146,78.36469268798828
184,75.0,72.69334,76.84668294823749,72.6933364868164
185,66.0,65.79023,74.52021760789273,65.79022979736328
186,59.0,60.5334,64.56815467293984,60.53340148925781
187,53.0,54.443497,60.39455431997114,54.44349670410156
188,44.0,49.915283,59.89699116640226,49.915283203125
189,47.0,47.006203,57.56142052698395,47.006202697753906
190,52.0,48.88986,55.41809308437362,48.88985824584961
191,50.999996,51.242702,56.03375155801891,51.24270248413086
192,56.0,51.95289,61.87384687132261,51.95288848876953
193,53.999996,59.154778,63.85418951702825,59.15477752685547
194,59.999996,61.41028,67.44210905107153,61.4102783203125
195,67.0,66.20099,74.22081582246469,66.20098876953125
196,145.0,72.08051,81.27527897878855,72.08051300048828
197,110.0,114.20636,84.3990320703719,114.20635986328125
198,94.0,97.70785,89.57444048114888,97.70784759521484
199,96.00001,91.0815,96.45429346834806,91.08149719238281
200,95.0,90.34551,100.29443088381134,90.34551239013672
201,128.0,91.51107,102.15464601914034,91.51107025146484
202,113.99999,109.15382,102.54997470233346,109.15381622314453
203,97.0,100.22434,98.2773525862791,100.2243423461914
204,90.00001,91.112625,95.7798315348698,91.11262512207031
205,87.0,83.451004,92.68781175741091,83.45100402832031
206,82.0,78.647804,87.98821509161438,78.6478042602539
207,69.0,73.28955,82.0067960714598,73.28955078125
208,62.999996,65.89831,76.3859422940385,65.89830780029297
209,59.0,61.058613,70.87786881537399,61.05861282348633
210,66.0,55.7614,82.12594326234587,55.76139831542969
211,64.0,62.616547,78.58866453704113,62.616546630859375
212,59.999996,62.932648,72.36420673449666,62.932647705078125
213,64.0,61.328316,73.84656586106207,61.32831573486328
214,62.0,65.541016,71.70323841845175,65.541015625
215,62.0,66.04856,74.86418340275286,66.0485610961914
216,70.0,68.36556,76.88634895007283,68.36556243896484
217,74.0,74.06674,78.2303699681145,74.06674194335938
218,75.0,79.341805,84.3635760128136,79.34180450439453
219,82.0,83.718445,91.77860441187073,83.71844482421875
220,92.0,90.587944,96.92410268520274,90.58794403076172
221,96.00001,95.799545,101.95682065977795,95.79954528808594
222,98.0,100.45881,105.22326418756305,100.45880889892578
223,98.0,103.23376,110.19415229177037,103.23375701904297
224,101.00001,104.14335,113.3979680795697,104.14334869384766
225,117.0,105.87837,114.62186158723475,105.87837219238281
226,112.0,111.934166,118.19879840874762,111.93416595458984
227,104.0,109.46321,113.92617629269326,109.46321105957031
228,105.0,104.72278,111.42865524128398,104.7227783203125
229,100.0,102.18809,107.70031383616113,102.1880874633789
230,96.00001,96.81148,103.63703879802856,96.81147766113281
231,95.0,91.94782,98.92826303320189,91.94782257080078
232,89.0,88.07936,95.21637413877245,88.07936096191406
233,80.0,82.29354,86.52669252178816,82.29354095458984
234,68.0,73.823135,79.11991609749109,73.82313537597656
235,72.0,66.795906,77.49160225517821,66.79590606689453
236,67.0,68.188545,71.90346608029769,68.18854522705078
237,67.0,66.136284,73.3858252068631,66.13628387451172
238,59.0,68.325,69.96985450892487,68.32499694824219
239,64.0,65.64225,74.40344274855389,65.64225006103516
240,70.0,69.455765,75.15296504054595,69.45576477050781
241,71.0,73.03402,79.04227256924344,73.03401947021484
242,79.0,76.24939,83.26651373095066,76.2493896484375
243,75.0,82.59547,88.13625561935197,82.59546661376953
244,82.0,83.379944,96.46336203100375,83.37994384765625
245,91.00001,89.46472,100.85975837791501,89.4647216796875
246,100.0,95.418625,106.03516678869198,95.41862487792969
247,98.0,101.29264,112.27869814822719,101.29264068603516
248,103.0,102.09369,113.57354905303467,102.09368896484375
249,112.0,104.60866,114.79744256069972,104.60865783691406
250,113.99999,107.90832,117.1017361268847,107.90831756591797
251,125.99999,108.678894,113.46543563849428,108.67889404296875
252,115.0,113.301544,114.14952272540478,113.30154418945312
253,111.0,106.43521,110.42118132028193,106.43521118164062
254,100.0,103.087364,103.17629814382957,103.08736419677734
255,92.0,93.92984,97.83120075133897,93.92984008789062
256,85.00001,86.3876,94.75563348457348,86.38760375976562
257,107.99999,79.605095,86.06595186758918,79.60509490966797
258,81.0,86.63412,78.6591754432921,86.63411712646484
259,73.0,71.94291,75.12189671798737,71.94290924072266
260,70.0,68.77607,74.62433356441849,68.77606964111328
261,69.0,66.84537,70.3797980420083,66.84536743164062
262,69.0,67.105484,72.69072199304566,67.10548400878906
263,71.0,69.53935,72.670058839027,69.53935241699219
264,72.0,72.20511,73.41958113101907,72.20510864257812
265,73.0,73.78832,77.30888865971656,73.78832244873047
266,101.00001,76.7498,82.16945144908775,76.74980163574219
267,99.0,93.52864,90.22080147580883,93.52864074707031
268,87.0,97.48729,96.63894300446873,97.48728942871094
269,95.0,95.191055,101.67166097904395,95.19105529785156
270,99.0,100.314964,104.93810450682905,100.3149642944336
271,95.0,102.31944,108.63634935570845,102.31944274902344
272,94.0,101.25939,113.1128083988357,101.25939178466797
273,100.0,100.70177,114.9730235341647,100.70176696777344
274,140.0,102.55666,117.27731710034968,102.5566635131836
275,124.0,121.45252,113.00469498429531,121.45252227783203
276,115.0,111.11856,113.6887820712058,111.11856079101562
277,104.0,106.54499,106.77883252776319,106.54499053955078
278,100.0,97.11628,103.9882007449585,97.11627960205078
279,86.0,92.81558,96.73413846947602,92.81558227539062
280,81.0,82.4609,92.38592794738264,82.46089935302734
281,77.0,76.43971,88.78681935170998,76.43971252441406
282,80.0,69.727005,78.83475641675709,69.72700500488281
283,70.0,69.64303,76.57012094678025,69.64302825927734
284,72.0,65.990906,72.8909496548916,65.99090576171875
285,62.0,67.12781,69.91905738780935,67.1278076171875
286,62.0,63.014935,69.04837320052692,63.01493453979492
287,62.0,64.75487,73.48196144015594,64.75486755371094
288,62.999996,66.94161,72.95884047682009,66.94161224365234
289,69.0,68.8602,77.48446963318155,68.86019897460938
290,77.0,73.1703,84.89031893320853,73.17030334472656
291,80.0,80.35466,89.12373919394591,80.35466003417969
292,78.0,84.57877,92.99659421195,84.57877349853516
293,84.0,85.80167,101.84724195250894,85.80166625976562
294,95.0,91.14016,105.75000710795798,91.1401596069336
295,96.00001,97.99505,109.44825195683738,97.99504852294922
296,106.0,99.64236,113.28838937230068,99.6423568725586
297,105.0,105.10545,116.42124776295759,105.10545349121094
298,100.0,104.66197,114.27128993549489,104.66197204589844
299,100.0,100.330925,113.18027595776029,100.33092498779297
300,107.99999,98.490616,111.31907653401497,98.49061584472656
301,105.0,100.08065,109.49970001188399,100.08065032958984
302,106.0,96.83134,104.16378171842348,96.83133697509766
303,90.00001,94.681076,96.27339781527706,94.68107604980469
304,139.0,83.66552,91.28886566551972,83.66551971435547
305,115.0,103.54209,85.7807921868552,103.5420913696289
306,113.00001,86.43057,77.73769413489416,86.43057250976562
307,87.0,87.27951,76.74570192024524,87.27951049804688
308,77.0,73.72648,71.79388737302867,73.72647857666016
309,77.0,70.60146,71.36728161660221,70.6014633178711
310,72.0,71.09059,71.76924068464771,71.09059143066406
311,69.0,70.868935,69.83961264763718,70.86893463134766
312,73.0,70.73187,73.13442145028507,70.73187255859375
313,78.0,74.25049,79.56901548963839,74.25048828125
314,87.0,80.045555,82.5206133960177,80.0455551147461
315,84.0,86.89388,87.39035528441902,86.89388275146484
316,125.99999,87.80381,93.17217518541497,87.8038101196289
317,119.00001,112.945404,98.84121478765414,112.94540405273438
318,110.0,111.356,103.38030157076716,111.35600280761719
319,107.00001,109.19777,107.7148680473105,109.19776916503906
320,110.0,107.39867,111.55500546277379,107.39866638183594
321,112.0,108.86532,115.96050710875862,108.86531829833984
322,105.0,110.8902,113.17422765363196,110.89019775390625
323,105.0,106.441986,112.08321367589735,106.44198608398438
324,107.99999,104.10428,110.22201425215204,104.10427856445312
325,107.99999,102.3744,108.40263773002106,102.37439727783203
326,101.99999,100.21145,104.33936269188847,100.2114486694336
327,94.0,94.66491,98.99426529939785,94.66490936279297
328,81.0,87.809586,90.19180338365679,87.80958557128906
329,80.0,75.9965,87.22901641564808,75.99649810791016
330,75.0,71.90746,65.75133951252812,71.90746307373047
331,65.0,61.23908,62.21406078722337,61.239078521728516
332,58.0,55.96228,61.080176005990545,55.9622802734375
333,52.0,53.708553,59.380926994236184,53.708553314208984
334,48.000004,51.684002,56.6012779239619,51.68400192260742
335,50.0,49.780804,60.39854453592696,49.78080368041992
336,59.999996,53.222942,61.14806682791903,53.22294235229492
337,59.0,61.016605,63.76473110128862,61.016605377197266
338,59.999996,63.01061,68.6252938906598,63.0106086730957
339,68.0,65.86068,74.76767903438902,65.86067962646484
340,69.0,72.38989,79.91317730772101,72.389892578125
341,69.0,74.26555,86.8548601652881,74.26554870605469
342,72.0,77.47995,93.93923345905694,77.47994995117188
343,82.0,82.48469,95.72851342494447,82.48468780517578
344,93.0,88.06485,98.93232921274381,88.06484985351562
345,92.0,93.21106,100.7925443480728,93.2110595703125
346,94.0,92.23714,103.73315954192174,92.23713684082031
347,164.0,93.37499,100.09685905353132,93.37499237060547
348,129.0,125.70005,100.14462451277785,125.7000503540039
349,106.0,103.92443,93.87099659699919,103.92443084716797
350,87.0,93.15804,88.5350783035387,93.15804290771484
351,76.0,77.15407,83.18998091104808,77.15406799316406
352,65.0,68.32977,77.56912713362678,68.32977294921875
353,70.0,61.65474,73.33369691029017,61.65473937988281
354,61.0,62.00349,67.83588536898495,62.00349044799805
355,53.0,57.631187,60.48067687769648,57.631187438964844
356,46.0,52.69176,60.61943535179156,52.6917610168457
357,50.999996,49.690685,57.01122145704534,49.6906852722168
358,50.999996,50.37804,56.14053726976292,50.3780403137207
359,49.0,50.339344,58.02883899873613,50.3393440246582
360,49.0,51.89205,60.68732617372005,51.892051696777344
361,49.0,53.183132,63.30399044708963,53.18313217163086
362,59.0,54.554546,68.16455323646082,54.55454635620117
363,62.0,61.6993,73.67061675252609,61.69929885864258
364,68.0,66.4289,80.08875828118599,66.42890167236328
365,75.0,72.586525,86.39411951108912,72.5865249633789
366,82.0,78.73866,90.29688466653818,78.73866271972656
367,90.00001,84.43504,97.81305928140131,84.43504333496094
368,93.0,91.21695,97.83526693088086,91.21694946289062
369,90.00001,92.51509,99.69548206620988,92.51509094238281
370,91.00001,90.44056,100.72713237706694,90.44055938720703
371,88.0,89.96974,100.27244002699629,89.96974182128906
372,95.0,85.15466,98.41124060325096,85.1546630859375
373,86.0,87.69638,93.41025594280022,87.69638061523438
374,85.00001,80.99722,88.07433764933972,80.99722290039062
375,79.0,76.94087,84.00188351217702,76.94087219238281
376,73.0,71.365,80.28999461774758,71.36499786376953
377,71.0,67.27457,73.50927788375515,67.27456665039062
378,74.0,63.610798,82.84838744773518,63.61079788208008
379,64.0,69.464386,76.7658222117746,69.46438598632812
380,66.0,66.07168,73.72297254754992,66.0716781616211
381,64.0,67.21406,72.02372353579554,67.21405792236328
382,62.0,67.09443,71.15303934851315,67.09442901611328
383,64.0,68.09704,73.6776627051503,68.09703826904297
384,67.0,71.73869,75.06350662480631,71.73869323730469
385,76.0,75.390625,81.49810066415962,75.390625
386,87.0,84.05372,84.44969857053894,84.05371856689453
387,89.0,92.39605,89.95576208660421,92.39604949951172
388,86.0,96.37855,95.10126035993622,96.37854766845703
389,115.0,96.89032,100.77029996217539,96.89031982421875
390,112.0,112.02639,107.21835162828026,112.0263900756836
391,110.0,112.51289,110.91659647715966,112.51289367675781
392,113.00001,112.22163,114.120412264959,112.22162628173828
393,115.0,113.044395,115.98062740028799,113.04439544677734
394,107.99999,113.93983,115.73963445581715,113.93982696533203
395,141.0,109.952126,116.55758536107442,109.9521255493164
396,128.0,124.41918,114.06006430966514,124.41918182373047
397,113.00001,114.84323,110.33172290454229,114.84323120117188
398,99.0,106.69702,103.72316135575389,106.697021484375
399,104.0,95.240715,101.55967210158305,95.24071502685547
400,95.0,93.842125,93.39353181350594,93.84212493896484
401,83.0,85.37958,88.52177996250536,85.37957763671875
402,80.0,77.1497,83.02396842120015,77.14969635009766
403,71.0,72.873085,75.66875992991169,72.87308502197266
404,62.999996,67.65634,72.625910265687,67.65634155273438
405,58.0,64.35252,74.1082693922524,64.35252380371094
406,55.0,63.394608,70.69229869431416,63.39460754394531
407,56.999996,62.244717,71.9442787956234,62.24471664428711
408,67.0,65.13306,75.2390875982713,65.133056640625
409,70.0,71.43705,78.49207349930484,71.43704986572266
410,79.0,75.090645,83.98895791633997,75.09064483642578
411,85.00001,82.05155,88.85869980474128,82.05155181884766
412,87.0,87.86234,94.64051970573723,87.86234283447266
413,89.0,91.88186,100.3095593079764,91.8818588256836
414,90.00001,94.234375,106.75761097408129,94.234375
415,90.00001,96.71019,109.81953419529673,96.71018981933594
416,91.00001,97.74871,113.02334998309607,97.74871063232422
417,91.00001,98.30486,115.51988674608901,98.30486297607422
418,96.00001,98.05881,115.91521542928213,98.05880737304688
419,98.0,99.64406,116.09684470687544,99.64405822753906
420,96.00001,98.48225,114.23564528313011,98.48224639892578
421,95.0,96.132645,108.59833899501541,96.13264465332031
422,87.0,92.92747,103.26242070155493,92.9274673461914
423,85.00001,86.0031,98.55364493672826,86.00309753417969
424,82.0,81.0343,95.47807766996277,81.0343017578125
425,92.0,75.971924,89.97000419129826,75.971923828125
426,83.0,77.54471,81.92690613933723,77.54470825195312
427,73.0,71.52256,76.48066253104062,71.5225601196289
428,65.0,67.583954,72.80149123915197,67.58395385742188
429,62.0,63.99127,70.46592059973366,63.991268157958984
430,64.0,63.187534,71.5042012954431,63.18753433227539
431,62.999996,66.63135,71.48353814142445,66.63134765625
432,67.0,68.62543,76.05099019940023,68.62542724609375
433,76.0,72.74388,81.21294098342564,72.74388122558594
434,74.0,79.72688,82.89189563447704,79.72688293457031
435,79.0,80.5863,89.67060240587021,80.5863037109375
436,86.0,85.16134,94.81610067920222,85.16133880615234
437,94.0,90.55262,99.84881865377744,90.55261993408203
438,94.0,96.58008,106.2968703198823,96.580078125
439,99.0,98.65835,109.35879354109774,98.6583480834961
440,101.00001,101.658035,112.56260932889708,101.65803527832031
441,101.00001,102.862404,116.96811097488191,102.8624038696289
442,104.0,103.487625,116.09079640274712,103.48762512207031
443,103.0,103.99047,115.63610405267647,103.99047088623047
444,101.00001,101.96715,111.22961811827533,101.96714782714844
445,101.00001,98.63165,108.13759834081644,98.63165283203125
446,93.0,95.70869,103.4380016750199,95.70868682861328
447,91.00001,88.95732,98.09290428252928,88.95732116699219
448,89.0,84.4665,95.01733701576381,84.46649932861328
449,80.0,80.35726,86.96397702644347,80.35726165771484
450,78.0,72.1994,79.5572006021464,72.19940185546875
451,69.0,69.70689,74.74727862151374,69.7068862915039
452,65.0,65.777664,74.24971546794485,65.77766418457031
453,62.0,65.20891,70.00517994553468,65.20890808105469
454,58.0,63.8715,69.77081738591622,63.871498107910156
455,61.0,63.476013,71.02279748722546,63.47601318359375
456,71.0,66.82038,74.9539279175373,66.82038116455078
457,110.0,73.66305,80.75220032922664,73.66304779052734
458,99.0,97.10487,83.70379823560597,97.10487365722656
459,88.0,94.574554,88.5735401240073,94.57455444335938
460,86.0,91.50755,96.90064653565906,91.50755310058594
461,93.0,91.50802,100.0243996272424,91.50801849365234
462,101.00001,95.49449,105.19980803801937,95.49449157714844
463,101.00001,100.676414,109.53437451456273,100.6764144897461
464,104.0,101.37563,115.28347681301788,101.3756332397461
465,106.0,103.7321,114.59840543769107,103.73210144042969
466,107.99999,104.34085,116.90269900387605,104.34085083007812
467,96.00001,104.91513,113.26639851548563,104.91513061523438
468,101.99999,97.773285,113.31416397473217,97.77328491210938
469,104.0,98.41556,109.58582256960933,98.41555786132812
470,95.0,96.38962,102.34093939315697,96.38961791992188
471,80.0,88.82397,96.99584200066636,88.82396697998047
472,84.0,77.8901,92.64763147857296,77.89009857177734
473,74.0,75.2366,88.41220125523635,75.23660278320312
474,74.0,68.169525,78.46013832028346,68.16952514648438
475,67.0,66.745346,74.28653796731476,66.74534606933594
476,61.0,63.251003,71.24368830309005,63.25100326538086
477,65.0,60.76201,70.81708254666361,60.76200866699219
478,64.0,64.041374,69.9463983593812,64.04137420654297
479,61.0,65.50964,70.56205683302649,65.5096435546875
480,62.0,66.27189,76.4021521463302,66.27188873291016
481,76.0,69.85449,77.74617316437187,69.8544921875
482,83.0,76.49754,82.60673595374303,76.49754333496094
483,76.0,83.1895,87.47647784214436,83.18949890136719
484,83.0,83.120255,93.25829774314032,83.12025451660156
485,90.00001,88.620384,99.56365897304345,88.6203842163086
486,100.0,94.05517,104.7390673838204,94.05516815185547
487,103.0,100.883835,109.07363386036376,100.88383483886719
488,116.0,103.574295,112.2774496481631,103.57429504394531
489,113.00001,110.39142,116.68295129414793,110.39141845703125
490,112.0,109.697,115.16931509434916,109.6969985961914
491,107.99999,108.84284,112.80565786128666,108.84284210205078
492,106.0,104.953255,111.58078006520529,104.95325469970703
493,98.0,101.58142,106.57979540475453,101.5814208984375
494,99.0,94.45541,102.51652036662195,94.45540618896484
495,95.0,91.466995,96.53510134646739,91.46699523925781
496,106.0,85.63608,90.9142475690461,85.63607788085938
497,92.0,87.298386,86.67881734570946,87.29838562011719
498,70.0,77.49409,66.47378369791741,77.49408721923828
499,56.999996,61.314114,62.30018334494873,61.31411361694336
500,52.0,52.04013,60.52997693605193,52.040130615234375
501,50.0,48.731228,58.19440629663361,48.73122787475586
502,50.0,48.24991,57.3237221093512,48.249908447265625
503,52.0,49.862617,58.57570221066045,49.86261749267578
504,56.0,53.133938,61.87051101330833,53.13393783569336
505,58.0,59.042194,66.39614016966976,59.04219436645508
506,65.0,63.589912,69.98405970371306,63.58991241455078
507,69.0,69.476395,76.12644484744227,69.47639465332031
508,72.0,74.119064,80.63562149311032,74.11906433105469
509,79.0,78.139915,86.94098272301343,78.1399154663086
510,81.0,83.67123,91.48006950612645,83.67122650146484
511,78.0,85.79685,95.81463598266981,85.7968521118164
512,78.0,85.09839,99.6547733981331,85.098388671875
513,78.0,85.08144,104.06027504411793,85.0814437866211
514,82.0,86.284164,101.27399558899127,86.28416442871094
515,85.00001,86.594086,100.18298161125666,86.59408569335938
516,88.0,85.494865,98.32178218751133,85.49486541748047
517,88.0,84.4973,96.50240566538037,84.49729919433594
518,86.0,82.73473,89.257522488928,82.73473358154297
519,82.0,77.5402,84.54874672410133,77.54019927978516
520,59.999996,72.478004,78.29157131901609,72.4780044555664
521,49.0,59.855843,72.78349784035157,59.85584259033203
522,47.0,50.66236,61.94672240385809,50.66236114501953
523,44.0,45.17722,57.136800423225424,45.17721939086914
524,41.0,42.37877,57.27555889732051,42.37876892089844
525,44.0,42.687664,52.39470174724638,42.68766403198242
526,41.0,43.60442,52.16033918762792,43.60441970825195
527,44.0,43.222557,56.59392742725693,43.222557067871094
528,45.0,47.8108,59.25241460224086,47.81079864501953
529,58.0,52.76023,62.5054005032744,52.760231018066406
530,56.999996,61.613384,64.82067678198976,61.61338424682617
531,62.0,63.546623,70.32674029805503,63.54662322998047
532,67.0,67.95691,76.108560199051,67.9569091796875
533,72.0,72.03848,84.95920793960993,72.03848266601562
534,67.0,77.74954,86.95300821206712,77.74954223632812
535,70.0,76.92666,91.28757468861048,76.9266586303711
536,82.0,78.1327,97.03667698706563,78.13269805908203
537,85.00001,85.32231,97.62424886706673,85.32231140136719
538,79.0,87.110664,96.74693429493192,87.11066436767578
539,76.0,82.33605,95.65592031719734,82.33605194091797
540,79.0,77.88852,93.79472089345201,77.88851928710938
541,77.0,76.10948,92.61166599898498,76.10948181152344
542,81.0,74.19713,85.36678282253263,74.19712829589844
543,68.0,72.66222,79.38536380237807,72.66221618652344
544,59.0,64.10908,74.40083165262071,64.10907745361328
545,59.0,58.185898,68.8927581739562,58.18589782714844
546,65.0,56.1611,80.27345231589615,56.16109848022461
547,66.0,62.669945,76.09985196292746,62.669944763183594
548,61.0,65.45227,72.4206806710388,65.4522705078125
549,62.999996,65.211914,70.72143165928443,65.2119140625
550,66.0,67.29553,71.12339072732993,67.2955322265625
551,67.0,70.94234,71.73904920097524,70.94233703613281
552,75.0,73.85196,75.0338580036231,73.85195922851562
553,81.0,81.05823,78.28684390465665,81.0582275390625
554,87.0,86.99706,83.14740669402784,86.99706268310547
555,87.0,93.15787,88.01714858242914,93.15786743164062
556,91.00001,95.42254,94.43529011108905,95.42253875732422
557,155.0,99.06733,100.74065134099217,99.06732940673828
558,131.0,132.48311,106.55238137943311,132.4831085205078
559,122.0,121.6251,110.25062622831248,121.6250991821289
560,124.0,119.405045,112.81812038844788,119.40504455566406
561,123.0,117.91802,114.6783355237769,117.91802215576172
562,191.0,117.8972,115.70998583463395,117.89720153808594
563,158.0,152.93901,114.61897185689935,152.9390106201172
564,141.0,131.85187,111.48512917782611,131.85186767578125
565,125.00001,126.67056,108.39310940036724,126.67056274414062
566,110.0,113.14419,102.42086947924278,113.1441879272461
567,101.99999,103.01583,98.34841534208007,103.01583099365234
568,90.00001,95.366425,94.63652644765065,95.36642456054688
569,83.0,85.53402,85.94684483066635,85.53401947021484
570,68.0,78.61826,78.54006840636927,78.6182632446289
571,69.0,67.30675,75.00278968106453,67.30674743652344
572,62.999996,66.35391,71.32361838917588,66.35391235351562
573,67.0,62.98874,70.89701263274942,62.988739013671875
574,69.0,66.014084,70.66265007313096,66.01408386230469
575,64.0,69.106346,70.6419869191123,69.1063461303711
576,74.0,68.20489,73.30047409409624,68.20488739013672
577,78.0,74.371544,77.18978162279373,74.37154388427734
578,81.0,79.45573,82.05034441216489,79.45572662353516
579,80.0,84.49925,87.55640792823017,84.49925231933594
580,125.00001,87.66706,93.97454945689009,87.66706085205078
581,119.99999,115.39142,99.64358905912925,115.39141845703125
582,112.0,114.3378,104.81899746990621,114.33779907226562
583,112.0,113.531,109.78988557411353,113.53099822998047
584,113.00001,114.742905,112.99370136191285,114.74290466308594
585,113.00001,115.98212,113.58127324191395,115.98211669921875
586,139.0,116.10298,115.24924518043497,116.10298156738281
587,170.0,125.73861,116.06719608569225,125.73860931396484
588,140.0,140.81311,112.933353406619,140.8131103515625
589,123.0,123.63823,107.93236874616825,123.63822937011719
590,118.0,114.86242,102.59645045270776,114.86241912841797
591,103.0,106.22942,97.8876746878811,106.22942352294922
592,95.0,94.86841,91.63049928279585,94.868408203125
593,83.0,87.7495,88.66771231478714,87.74949645996094
594,72.0,77.501396,78.07932775217029,77.50139617919922
595,62.999996,68.9647,73.9057273992016,68.9646987915039
596,69.0,63.7054,73.40816424563272,63.70539855957031
597,65.0,66.71458,70.43627197855045,66.7145767211914
598,72.0,65.15359,69.56558779126803,65.1535873413086
599,69.0,69.75091,70.18124626491333,69.75090789794922
600,72.0,70.45701,74.11237669522515,70.4570083618164
601,77.0,73.96406,78.00168422392267,73.96405792236328
602,78.0,79.22419,81.58960375796593,79.22418975830078
603,87.0,82.647934,90.27727541235097,82.64793395996094
604,95.0,91.65768,94.15013043035506,91.65767669677734
605,103.0,97.30906,100.45549166025819,97.3090591430664
606,156.0,104.089355,104.35825681570725,104.08935546875
607,131.0,133.80028,111.23810980290641,133.80027770996094
608,117.0,121.89008,111.26031745238598,121.89008331298828
609,110.0,117.64214,113.12053258771499,117.64214324951172
610,112.0,111.15368,113.51586127090809,111.15367889404297
611,113.99999,109.94047,113.6974905485014,109.94046783447266
612,109.0,108.13068,111.19996949709213,108.13067626953125
613,107.99999,104.23318,107.47162809196928,104.2331771850586
614,105.0,101.00286,103.40835305383669,101.00286102294922
615,100.0,95.50431,96.79061240601817,95.50431060791016
616,93.0,89.435074,93.71504513925271,89.43507385253906
617,90.00001,82.80272,86.29800677759631,82.80271911621094
618,87.0,77.84729,78.89123035329922,77.8472900390625
619,81.0,75.17397,74.08130837266658,75.1739730834961
620,80.0,72.045,71.03845870844188,72.04499816894531
621,82.0,71.83452,69.97553132435148,71.83451843261719
622,76.0,73.95454,69.741168764733,73.95453643798828
623,74.0,73.23339,70.35682723837832,73.23339080810547
624,74.0,74.36898,74.92427929635411,74.36898040771484
625,79.0,77.77183,77.54094356972368,77.7718276977539
626,75.0,83.677795,81.12886310376695,83.67779541015625
627,86.0,84.82033,87.90756987516014,84.82032775878906
628,88.0,93.81401,94.32571140382004,93.81401062011719
629,91.00001,98.2513,98.08578612306735,98.25129699707031
630,105.0,101.749214,103.89751616150826,101.74921417236328
631,111.0,108.57075,108.86840426571558,108.57074737548828
632,113.00001,113.7122,113.98118493650676,113.71219635009766
633,110.0,116.76148,113.93243518884391,116.76148223876953
634,111.0,114.908104,114.32776387203702,114.9081039428711
635,107.99999,113.45008,111.96410663897453,113.45008087158203
636,107.99999,108.88426,110.1029072152292,108.88426208496094
637,107.00001,105.708305,106.37456581010635,105.70830535888672
638,100.0,101.46762,101.03864751664585,101.46762084960938
639,95.0,94.184006,96.3298717518192,94.18400573730469
640,86.0,87.96233,93.25430448505372,87.96233367919922
641,81.0,80.461624,85.83726612339733,80.46162414550781
642,74.0,74.26697,77.15784644377234,74.2669677734375
643,69.0,68.788734,72.98424609080365,68.78873443603516
644,74.0,66.260765,73.12300456489871,66.2607650756836
645,77.0,69.407265,69.51479067015251,69.40726470947266
646,128.0,71.035355,68.64410648287009,71.03535461425781
647,99.0,98.47785,70.53240821184329,98.47785186767578
648,98.0,85.28206,72.55457375916326,85.28205871582031
649,84.0,88.963104,75.8075596601968,88.96310424804688
650,82.0,82.02658,80.66812244956799,82.02658081054688
651,157.0,84.24204,86.8105075932972,84.2420425415039
652,128.0,125.716064,91.9560058666292,125.716064453125
653,183.0,111.37512,98.89768872419629,111.3751220703125
654,152.0,146.07526,104.07309713497325,146.07525634765625
655,129.0,126.67319,107.13502035618869,126.67318725585938
656,131.0,121.77328,110.975157771652,121.77327728271484
657,119.99999,121.55256,114.1080161623089,121.55255889892578
658,125.00001,115.99415,113.2307015901741,115.99414825439453
659,119.00001,119.693665,111.50336598477556,119.69366455078125
660,115.0,113.14171,109.00584493336626,113.14170837402344
661,113.00001,108.80451,108.45911166656319,108.80451202392578
662,107.00001,104.26691,101.8505501177748,104.26690673828125
663,107.00001,97.7034,95.86913109762023,97.70339965820312
664,129.0,94.81514,90.88459894786288,94.81513977050781
665,104.0,101.7314,87.28549035219022,101.73139953613281
666,85.00001,85.727394,65.80781344907025,85.7273941040039
667,74.0,69.32935,61.634213096101554,69.32935333251953
668,65.0,61.10676,58.59136343187686,61.10675811767578
669,62.999996,55.87671,56.25579279245855,55.876708984375
670,58.0,55.331562,56.65775186050404,55.33156204223633
671,47.0,53.900776,56.63708870648538,53.90077590942383
672,128.0,50.619698,62.47718401978908,50.61969757080078
673,101.99999,99.581375,65.73016992082262,99.58137512207031
674,89.0,87.96915,69.31808945486588,87.96914672851562
675,77.0,86.23311,73.55150971560326,86.23310852050781
676,78.0,76.31735,80.60597287192712,76.31735229492188
677,100.0,80.124825,86.27501247416629,80.12482452392578
678,95.0,91.861755,91.45042088494326,91.86175537109375
679,92.0,91.44837,95.7849873614866,91.44837188720703
680,97.0,92.00967,98.98880314928593,92.0096664428711
681,105.0,94.153656,100.21269665695098,94.15365600585938
682,101.99999,98.14825,101.24434696780807,98.14824676513672
683,98.0,96.12665,98.88068973474556,96.12664794921875
684,100.0,92.29357,99.56477682165604,92.29357147216797
685,97.0,93.08309,93.29114890587738,93.08309173583984
686,95.0,88.05357,89.2278738677448,88.05357360839844
687,88.0,83.50037,83.88277647525419,83.5003662109375
688,83.0,75.708305,77.62560107016893,75.70830535888672
689,74.0,69.573944,74.66281410216023,69.57394409179688
690,70.0,63.88859,67.25603767786315,63.88859176635742
691,59.999996,60.4071,61.17347244190258,60.407100677490234
692,50.0,53.791134,58.130622777677885,53.791133880615234
693,53.999996,48.712223,55.79505213825958,48.712223052978516
694,52.0,49.416595,55.56068957864112,49.416595458984375
695,53.999996,49.6446,59.357956190606174,49.64459991455078
696,56.0,55.980686,59.47115685493429,55.98068618774414
697,74.0,57.65362,62.72414275596783,57.653621673583984
698,73.0,70.14071,68.22102717300297,70.14070892333984
699,73.0,74.034706,73.09076906140427,74.03470611572266
700,77.0,76.672844,80.14523221772814,76.67284393310547
701,79.0,81.980896,84.54162856463941,81.98089599609375
702,94.0,84.54685,90.98968023074427,84.5468521118164
703,99.0,94.44438,94.68792507962367,94.44438171386719
704,104.0,98.39993,98.52806249508697,98.39993286132812
705,101.00001,101.755875,100.38827763041596,101.75587463378906
706,101.00001,100.053535,100.14728468594512,100.05353546142578
707,97.0,98.92975,101.60155721886635,98.92974853515625
708,91.00001,96.14478,95.92242802913731,96.14478302001953
709,90.00001,89.67432,92.8304082516784,89.67431640625
710,86.0,85.13095,88.76713321354582,85.13095092773438
711,85.00001,79.29554,82.78571419339126,79.29553985595703
712,81.0,74.73944,78.43750367129788,74.73944091796875
713,75.0,70.390724,71.65678693730543,70.3907241821289
714,72.0,64.77512,82.90486138427731,64.7751235961914
715,71.0,69.14116,77.45861777598071,69.14115905761719
716,72.0,69.538246,73.77944648409206,69.53824615478516
717,69.0,70.86298,73.98916235532957,70.86298370361328
718,72.0,71.56147,73.7547997957111,71.56147003173828
719,75.0,74.73939,75.00677989702035,74.73938751220703
720,79.0,78.95197,75.75630218901242,78.95197296142578
721,87.0,83.29055,79.00928809004596,83.2905502319336
722,89.0,89.700096,83.86985087941713,89.7000961303711
723,92.0,94.10631,89.3759143954824,94.10630798339844
724,101.99999,98.87604,95.15773429647837,98.87603759765625
725,106.0,106.3988,101.46309552638148,106.3988037109375
726,110.0,110.81954,106.00218230949449,110.81954193115234
727,115.0,113.890205,110.33674878603784,113.89020538330078
728,113.99999,116.856224,116.08585108449299,116.8562240600586
729,115.0,116.9885,117.946066219822,116.9885025024414
730,112.0,117.38183,115.79610839235929,117.38182830810547
731,113.00001,114.236664,114.06877278696075,114.23666381835938
732,115.0,112.39658,112.20757336321542,112.3965835571289
733,107.00001,110.651245,109.11555358575653,110.6512451171875
734,101.99999,103.91506,103.14331366463207,103.9150619506836
735,98.0,97.6255,99.07085952746938,97.62550354003906
736,96.00001,91.35423,92.81368412238413,91.35423278808594
737,92.0,86.524864,87.3056106437196,86.52486419677734
738,78.0,81.113556,79.89883421942253,81.11355590820312
739,78.0,72.701836,76.36155549411777,72.70183563232422
740,72.0,72.321556,73.31870582989308,72.3215560913086
741,66.0,69.8085,70.34681356281081,69.80850219726562
742,75.0,68.183334,70.74877263085631,68.18333435058594
743,76.0,73.2495,72.00075273216555,73.24949645996094
744,79.0,75.648766,75.29556153481344,75.64876556396484
745,80.0,80.55033,79.18486906351094,80.55033111572266
746,82.0,83.894066,84.0454318528821,83.8940658569336
747,86.0,88.006424,88.27885211361948,88.00642395019531
748,94.0,92.5663,95.33331526994334,92.56629943847656
749,96.00001,99.34029,102.91131975517436,99.34028625488281
750,104.0,103.44665,105.54144165529551,103.44664764404297
751,103.0,108.439575,109.87600813183887,108.4395751953125
752,109.0,108.530716,113.07982391963822,108.53071594238281
753,109.0,111.68693,117.48532556562303,111.68692779541016
754,107.99999,111.78826,115.97168936582428,111.78826141357422
755,109.0,110.441864,114.24435376042572,110.44186401367188
756,110.0,108.52685,112.3831543366804,108.52684783935547
757,107.99999,106.20548,108.0184913038936,106.20548248291016
758,106.0,102.20162,103.31889463809706,102.20162200927734
759,99.0,97.68702,98.61011887327041,97.68701934814453
760,91.00001,90.73924,93.62558672351307,90.73924255371094
761,91.00001,83.42811,86.84486998952062,83.42810821533203
762,89.0,79.28785,79.43809356522354,79.28784942626953
763,83.0,76.55976,75.90081483991881,76.55976104736328
764,73.0,73.94728,74.76693005868596,73.94728088378906
765,69.0,71.08641,71.15871616393974,71.08641052246094
766,67.0,69.64393,70.92435360432128,69.64392852783203
767,70.0,69.36473,74.08529858862241,69.36473083496094
768,77.0,72.70662,74.19849925295051,72.70661926269531
769,85.00001,78.120316,78.087806781648,78.12031555175781
770,91.00001,84.89863,83.58469119868315,84.89862823486328
771,93.0,91.34396,88.45443308708445,91.34396362304688
772,93.0,95.2742,95.50889624340832,95.27420043945312
773,97.0,98.11802,100.54161421798352,98.1180191040039
774,104.0,102.276,105.08070100109654,102.2760009765625
775,109.0,106.896095,110.05158910530385,106.8960952758789
776,106.0,110.54981,113.25540489310319,110.54981231689453
777,106.0,109.452484,113.84297677310428,109.45248413085938
778,105.0,108.757,115.5109487116253,108.75700378417969
779,110.0,107.24401,113.78361310622675,107.24401092529297
780,107.99999,107.80685,113.83137856547329,107.80684661865234
781,101.00001,104.85321,107.55775064969463,104.85321044921875
782,100.0,98.37536,102.85815398389809,98.37535858154297
783,89.0,93.64099,96.87673496374352,93.6409912109375
784,86.0,84.216484,91.89220281398617,84.21648406982422
785,78.0,79.10513,87.0204509629856,79.10513305664062
786,71.0,71.52838,78.34103128336062,71.52838134765625
787,69.0,67.055504,74.80375255805588,67.05550384521484
788,71.0,65.63253,72.39722452149513,65.63253021240234
789,62.0,67.06989,72.60694039273264,67.06989288330078
790,59.0,65.05893,70.46361295012231,65.05892944335938
791,59.0,64.60706,70.44294979610365,64.60706329345703
792,68.0,65.32829,73.73775859875153,65.32829284667969
793,69.0,70.926216,76.99074449978508,70.92621612548828
794,79.0,73.3411,83.12395054448416,73.34110260009766
795,82.0,81.78806,88.63001406054943,81.7880630493164
796,95.0,86.49793,93.77551233388144,86.49793243408203
797,98.0,95.59431,101.98983844677642,95.59430694580078
798,98.0,100.06371,103.98363871923362,100.06371307373047
799,103.0,101.06772,109.59084845110488,101.06771850585938
800,110.0,104.239105,112.7946642389042,104.23910522460938
801,113.00001,108.28932,114.65487937423322,108.28932189941406
802,109.0,109.69026,115.05020805742633,109.69026184082031
803,113.00001,107.027466,113.95919407969173,107.0274658203125
804,111.0,107.213005,112.73431628361035,107.21300506591797
805,101.99999,104.326096,107.09700999549565,104.32609558105469
806,99.0,97.352325,102.39741332969912,97.35232543945312
807,94.0,91.96406,97.0523159372085,91.96405792236328
808,89.0,85.54434,91.4314621597872,85.54434204101562
809,86.0,79.71294,85.92338868112267,79.71293640136719
810,81.0,74.55719,78.5166122568256,74.55718994140625
811,80.0,71.071175,74.3430119038569,71.07117462158203
812,79.0,70.58255,71.3001622396322,70.58255004882812
813,77.0,70.731384,69.60091322787784,70.73138427734375
814,78.0,71.4948,69.36655066825938,71.49479675292969
815,79.0,73.91333,70.61853076956864,73.913330078125
816,83.0,76.601875,73.27701794455257,76.60187530517578
817,90.00001,81.891815,77.16632547325005,81.89181518554688
818,93.0,89.61484,84.57217477327706,89.61483764648438
819,104.0,96.552635,87.53295177868651,96.5526351928711
820,105.0,105.72595,95.86005819033828,105.7259521484375
821,111.0,109.53236,98.98381128192163,109.53235626220703
822,113.00001,114.711105,106.70450620335441,114.71110534667969
823,113.00001,117.623985,108.49378616924194,117.62398529052734
824,119.99999,118.0606,111.69760195704129,118.06060028076172
825,117.0,120.89437,116.10310360302611,120.89437103271484
826,110.0,118.927704,116.49843228621923,118.92770385742188
827,107.99999,114.80541,112.8621317978288,114.80541229248047
828,113.00001,110.152725,110.36461074641952,110.15272521972656
829,115.0,108.45149,106.63626934129668,108.45149230957031
830,112.0,105.72789,101.93667267550013,105.72789001464844
831,104.0,100.3643,96.59157528300952,100.36430358886719
832,101.00001,92.66958,90.97072150558823,92.6695785522461
833,93.0,87.05988,85.46264802692372,87.05988311767578
834,80.0,79.40914,65.8939360067956,79.40914154052734
835,62.999996,66.32409,64.26562216448272,66.32408905029297
836,55.0,57.19614,58.67748598960221,57.19614028930664
837,53.0,51.347958,59.52352348850366,51.347957611083984
838,53.999996,51.41544,56.74387441822938,51.41543960571289
839,55.0,52.881775,60.541141030194446,52.88177490234375
840,62.999996,57.82689,60.654341694522564,57.82688903808594
841,65.0,64.71568,67.08893573387587,64.71568298339844
842,59.0,69.06311,71.94949852324706,69.0631103515625
843,70.0,69.26209,77.45556203931233,69.26209259033203
844,79.0,76.65684,83.23738194030828,76.6568374633789
845,86.0,83.485245,86.36113503189162,83.48524475097656
846,94.0,87.670105,91.5365434426686,87.67010498046875
847,92.0,91.92979,98.41639642986777,91.9297866821289
848,101.00001,92.657555,99.07492570701129,92.65755462646484
849,103.0,96.83706,100.93514084234027,96.8370590209961
850,95.0,97.06623,103.87575603618922,97.06623077392578
851,93.0,93.86573,100.23945554779881,93.86573028564453
852,94.0,90.68874,97.74193449638952,90.6887435913086
853,93.0,87.6091,94.01359309126667,87.60910034179688
854,94.0,84.0072,89.31399642547014,84.0072021484375
855,82.0,81.111244,86.51418554363534,81.11124420166016
856,78.0,73.25672,78.34804525555822,73.25672149658203
857,68.0,68.31844,75.38525828754952,68.31844329833984
858,58.0,61.455578,67.97848186325245,61.4555778503418
859,59.999996,56.002853,61.25959499962793,56.00285339355469
860,53.999996,54.07049,58.21674533540323,54.070491790771484
861,53.999996,50.469242,56.51749632364887,50.469242095947266
862,55.0,50.19126,56.28313376403041,50.191261291503906
863,58.0,50.859013,57.53511386533967,50.859012603759766
864,59.0,55.414917,60.19360104032359,55.4149169921875
865,64.0,59.74958,64.08290856902109,59.74958038330078
866,72.0,66.40294,68.94347135839226,66.40293884277344
867,75.0,74.21417,74.44953487445753,74.21417236328125
868,77.0,78.35568,80.2313547754535,78.35568237304688
869,79.0,82.39605,85.90039437769266,82.39604949951172
870,91.00001,85.648254,91.07580278846962,85.64825439453125
871,95.0,93.2096,97.95565577566879,93.20960235595703
872,130.0,98.25738,98.61418505281232,98.25737762451172
873,112.0,115.90295,103.01968669879713,115.90294647216797
874,112.0,106.20733,100.86972887133443,106.20732879638672
875,107.00001,105.80516,102.32400140425565,105.80516052246094
876,105.0,100.18125,97.28119384219055,100.1812515258789
877,96.00001,96.53147,93.5528524370677,96.5314712524414
878,93.0,88.23984,91.39854228192698,88.23983764648438
879,81.0,83.92093,83.50815837878056,83.92092895507812
880,79.0,73.425896,77.88730460135926,73.42589569091797
881,72.0,69.05511,72.37923112269473,69.05510711669922
882,74.0,63.51278,81.08201905901079,63.512779235839844
883,79.0,68.844246,76.9084187060421,68.84424591064453
884,77.0,72.10035,73.8655690418174,72.10034942626953
885,77.0,73.11707,72.16632003006305,73.11707305908203
886,74.0,74.62714,71.93195747044459,74.62713623046875
887,78.0,75.297424,75.72922408240964,75.29742431640625
888,82.0,80.77418,75.84242474673776,80.77417755126953
889,83.0,85.68728,79.73173227543525,85.6872787475586
890,85.00001,89.59139,87.13758157546225,89.59139251708984
891,94.0,94.71077,92.64364509152752,94.71076965332031
892,129.0,102.43461,95.88017848186766,102.43460845947266
893,125.99999,122.60037,101.54921808410683,122.60037231445312
894,118.0,123.41285,106.7246264948838,123.41284942626953
895,125.99999,120.99971,111.05919297142715,120.99971008300781
896,119.99999,125.20086,114.26300875922647,125.20085906982422
897,119.99999,121.18318,116.12322389455548,121.18318176269531
898,121.0,121.53517,119.06383908840442,121.53517150878906
899,119.00001,120.30508,115.427538600014,120.3050765991211
900,117.0,117.425255,112.93001754860471,117.42525482177734
901,116.0,113.62594,111.74696265413769,113.62593841552734
902,109.0,110.22605,104.50207947768534,110.2260513305664
903,107.00001,102.87824,101.70226859585054,102.87824249267578
904,99.0,98.54465,93.53612830777342,98.54464721679688
905,90.00001,90.40251,88.66437645677286,90.40251159667969
906,74.0,82.36548,79.98495677714787,82.365478515625
907,70.0,71.38674,77.08399967950707,71.3867416381836
908,66.0,68.815544,72.76850675995448,68.81554412841797
909,67.0,66.44419,71.70557937586406,66.4441909790039
910,64.0,68.026276,70.83489518858165,68.02627563476562
911,73.0,68.191986,73.3595185452188,68.19198608398438
912,79.0,73.95763,75.38168409253878,73.95762634277344
913,77.0,79.36001,78.63466999357232,79.3600082397461
914,84.0,81.47497,84.7678760382714,81.47496795654297
915,89.0,88.57025,89.63761792667272,88.57025146484375
916,94.0,94.21683,95.41943782766867,94.21682739257812
917,92.0,98.777016,101.08847742990785,98.77701568603516
918,99.0,100.04329,106.90020746834877,100.04328918457031
919,105.0,105.364784,110.59845231722817,105.36478424072266
920,107.00001,109.07979,114.43858973269147,109.07978820800781
921,111.0,110.89684,115.02616161269256,110.89684295654297
922,111.0,112.269,116.69413355121358,112.26899719238281
923,107.99999,111.31346,115.60311957347898,111.31346130371094
924,104.0,108.50533,111.83295526674179,108.50533294677734
925,109.0,103.62564,109.37725711694685,103.62564086914062
926,100.0,102.42978,103.40501719582241,102.42977905273438
927,92.0,94.34328,98.0599198033318,94.34327697753906
928,87.0,86.675026,93.07538765357444,86.6750259399414
929,85.00001,79.96367,87.56731417490992,79.96366882324219
930,84.0,75.232635,80.7968593782768,75.23263549804688
931,75.0,73.427475,76.6232590253081,73.42747497558594
932,88.0,70.1147,73.58040936108341,70.11470031738281
933,75.0,76.16913,70.60851709400114,76.16912841796875
934,106.0,71.4323,70.37415453438268,71.43229675292969
935,92.0,88.55941,74.17142114634774,88.55941009521484
936,79.0,84.29055,75.55726506600377,84.2905502319336
937,84.0,81.201645,79.44657259470125,81.20164489746094
938,104.0,85.10017,83.03449212874452,85.10016632080078
939,96.00001,97.35251,91.72216378312956,97.35250854492188
940,91.00001,97.41413,97.50398368412553,97.41413116455078
941,94.0,97.64495,101.26405840337283,97.64495086669922
942,96.00001,99.62322,106.4394668141498,99.62322235107422
943,104.0,101.59795,110.1377116630292,101.59795379638672
944,107.99999,105.93017,113.34152745082852,105.93016815185547
945,111.0,108.0759,115.20174258615754,108.07589721679688
946,115.0,109.08149,117.50603615234252,109.08148956298828
947,113.00001,111.0315,115.14237891928,111.03150177001953
948,109.0,108.453186,112.64485786787071,108.45318603515625
949,112.0,104.25383,108.28019483508393,104.25382995605469
950,101.99999,102.16483,104.21691979695134,102.16483306884766
951,92.0,94.470726,100.7807872874526,94.4707260131836
952,81.0,86.997635,93.25096862703943,86.99763488769531
953,74.0,77.452675,86.470251893047,77.45267486572266
954,71.0,70.09908,80.33611872407783,70.09908294677734
955,65.0,67.15959,74.88987511578122,67.15959167480469
956,53.999996,64.35161,73.11966870688443,64.35160827636719
957,56.0,59.23607,70.14777643980217,59.23606872558594
958,62.0,59.808193,71.18605713551162,59.80819320678711
959,56.0,63.209118,71.16539398149294,63.2091178894043
960,59.0,62.419754,73.82388115647689,62.41975402832031
961,74.0,66.04706,78.9858319405023,66.04705810546875
962,82.0,74.29801,83.84639472987345,74.29801177978516
963,81.0,81.22863,89.35245824593872,81.22863006591797
964,86.0,84.10162,95.13427814693469,84.10162353515625
965,91.00001,89.068344,99.53067449384595,89.06834411621094
966,101.99999,93.220085,104.70608290462292,93.22008514404297
967,104.0,100.32167,109.67697100883022,100.32167053222656
968,101.99999,102.7149,113.51710842429353,102.71489715576172
969,104.0,102.78548,115.37732355962251,102.78547668457031
970,113.99999,103.952446,117.68161712580749,103.95244598388672
971,110.0,108.70664,114.68163826508103,108.7066421508789
972,109.0,105.169174,114.09308209666362,105.16917419433594
973,107.99999,103.09753,108.45577580854889,103.09752655029297
974,105.0,99.122284,103.11985751508841,99.12228393554688
975,94.0,94.378044,97.13843849493385,94.37804412841797
976,89.0,85.470924,93.4265496005044,85.4709243774414
977,81.0,79.8372,86.64583286651197,79.83719635009766
978,71.0,71.91569,78.60273481455094,71.91568756103516
979,67.0,66.49008,75.70177771691016,66.49008178710938
980,71.0,64.45726,72.65892805268545,64.45726013183594
981,77.0,66.57311,70.95967904093109,66.57311248779297
982,74.0,70.586044,70.72531648131263,70.58604431152344
983,72.0,71.11227,70.70465332729398,71.11226654052734
984,73.0,71.95524,73.99946212994186,71.95523834228516
985,80.0,74.33899,78.52509128630331,74.3389892578125
986,82.0,81.01645,82.74933244801053,81.01644897460938
987,90.00001,85.3874,90.80068247473162,85.38739776611328
988,95.0,93.79657,94.6735374927357,93.79656982421875
989,105.0,98.93002,100.34257709497487,98.93002319335938
990,103.0,106.06111,105.51798550575185,106.06111145019531
991,112.0,106.41621,109.21623035463125,106.41620635986328
992,116.0,111.62586,112.42004614243058,111.62586212158203
993,118.0,113.89263,113.64393965009563,113.89263153076172
994,116.0,114.676254,117.22087647160852,114.67625427246094
995,116.0,113.218414,113.5845759832181,113.21841430664062
996,116.0,111.43295,111.08705493180882,111.43295288085938
997,111.0,108.641594,107.35871352668599,108.64159393310547
998,103.0,103.08719,102.65911686088944,103.08718872070312
999,97.0,95.48143,97.31401946839883,95.48143005371094
1000,91.00001,88.62234,92.32948731864148,88.6223373413086
1001,84.0,81.887405,86.82141383997696,81.88740539550781
1002,66.0,75.26898,65.98005856452095,75.26898193359375
1003,50.0,59.644222,61.80645821155225,59.644222259521484
1004,127.0,49.26341,59.3999301749915,49.26340866088867
1005,93.0,85.98885,58.337002790901096,85.98885345458984
1006,75.0,69.420395,58.10264023128264,69.42039489746094
1007,72.0,65.61665,58.71829870492793,65.61665344238281
1008,61.0,62.939514,60.74046425224791,62.93951416015625
1009,59.999996,59.98231,64.62977178094539,59.9823112487793
1010,64.0,62.30543,69.49033457031658,62.3054313659668
1011,73.0,66.75379,75.6327197140458,66.75379180908203
1012,79.0,73.65808,82.05086124270571,73.6580810546875
1013,89.0,79.40492,87.08357921728093,79.40492248535156
1014,93.0,86.608826,94.80427413871371,86.60882568359375
1015,97.0,91.98915,97.2298757322652,91.98915100097656
1016,96.00001,95.28156,100.43369152006454,95.28156280517578
1017,97.0,96.14954,102.29390665539354,96.14954376220703
1018,105.0,95.99231,102.0529137109227,95.9923095703125
1019,99.0,98.10345,101.59822136085207,98.10344696044922
1020,98.0,93.29588,101.00966519243464,93.29588317871094
1021,89.0,91.453064,95.37235890431992,91.45306396484375
1022,85.00001,83.662224,90.03644061085944,83.66222381591797
1023,79.0,77.979675,87.23662972902464,77.97967529296875
1024,71.0,71.9451,79.70681106861149,71.94509887695312
1025,62.999996,65.87364,74.19873758994696,65.87364196777344
1026,53.999996,59.553368,65.51931791032197,59.553367614746094
1027,61.0,52.633324,62.61836081268119,52.633323669433594
1028,55.0,53.361767,61.48447603144834,53.36176681518555
1029,50.0,49.316925,57.876262136702124,49.316925048828125
1030,45.0,47.46426,57.64189957708367,47.46426010131836
1031,50.999996,45.780952,60.80284456138478,45.78095245361328
1032,101.99999,50.59158,60.916045225712885,50.59157943725586
1033,87.0,79.93761,64.16903112674643,79.93760681152344
1034,81.0,75.5516,70.30223717144551,75.55159759521484
1035,76.0,75.454994,75.80830068751078,75.45499420166016
1036,83.0,74.0078,80.95379896084279,74.00779724121094
1037,87.0,79.91537,86.62283856308196,79.91536712646484
1038,115.0,84.15987,94.34353348451475,84.15986633300781
1039,106.0,101.46357,95.4964918227383,101.46356964111328
1040,99.0,97.48287,99.97295086586557,97.48287200927734
1041,96.00001,95.14671,101.83316600119457,95.14671325683594
1042,101.99999,92.77099,101.59217305672372,92.77098846435547
1043,94.0,94.22017,99.86483745132517,94.22016906738281
1044,92.0,88.809,97.3673163999159,88.80899810791016
1045,96.00001,85.99577,94.275296622457,85.99577331542969
1046,93.0,84.41316,89.57569995666046,84.41316223144531
1047,87.0,79.66578,84.23060256416986,79.66577911376953
1048,76.0,74.25663,78.60974878674855,74.25662994384766
1049,74.0,66.47771,73.73799693574799,66.47770690917969
1050,101.99999,62.717083,84.34974975505591,62.71708297729492
1051,87.0,82.271416,77.63086289143139,82.27141571044922
1052,77.0,76.84604,75.22433485487065,76.84603881835938
1053,76.0,73.93987,73.5250858431163,73.93987274169922
1054,75.0,73.644615,73.29072328349784,73.64461517333984
1055,80.0,75.21683,74.54270338480708,75.21682739257812
1056,78.0,81.20494,79.11015544278288,81.20494079589844
1057,81.0,82.88052,81.09049808848849,82.88052368164062
1058,82.0,87.176506,85.95106087785967,87.17650604248047
1059,91.00001,90.40591,91.45712439392496,90.4059066772461
1060,100.0,97.61534,97.23894429492091,97.61534118652344
1061,105.0,104.43675,101.63534064183216,104.43675231933594
1062,148.0,108.79902,108.08339230793703,108.79901885986328
1063,134.0,132.06863,111.1453155291525,132.06863403320312
1064,124.0,125.59416,115.62177457227973,125.59416198730469
1065,153.0,122.34397,116.84566807994477,122.3439712524414
1066,201.0,135.6626,119.78628327379371,135.66259765625
1067,161.0,159.64589,115.51366115773934,159.64588928222656
1068,135.0,137.46474,113.01614010633006,137.46473693847656
1069,122.0,126.28347,109.28779870120722,126.2834701538086
1070,112.0,113.37148,107.76981017373045,113.3714828491211
1071,99.0,105.20736,101.15206952591193,105.20735931396484
1072,97.0,95.205086,94.89489412082668,95.20508575439453
1073,86.0,90.252556,91.29578552515402,90.25255584716797
1074,81.0,80.1873,82.61636584552903,80.18730163574219
1075,80.0,75.216484,77.17012223723242,75.21648406982422
1076,75.0,72.39013,74.76359420067168,72.39012908935547
1077,75.0,69.698524,73.06434518891731,69.69852447509766
1078,73.0,71.09754,72.82998262929885,71.09754180908203
1079,71.0,72.4582,73.44564110294415,72.45819854736328
1080,70.0,72.866714,76.74044990559204,72.86671447753906
1081,79.0,74.59175,80.62975743428953,74.59175109863281
1082,84.0,82.00442,87.39928510665257,82.0044174194336
1083,93.0,88.903915,90.99638373972599,88.90391540527344
1084,97.0,96.79789,96.77820364072193,96.79788970947266
1085,101.00001,101.94395,102.4472432429611,101.9439468383789
1086,107.00001,106.84222,108.25897328140202,106.84221649169922
1087,113.00001,110.993774,111.95721813028142,110.9937744140625
1088,119.00001,115.88357,115.16103391808076,115.8835678100586
1089,125.00001,120.14008,116.38492742574581,120.14008331298828
1090,122.0,122.05751,117.41657773660287,122.05751037597656
1091,113.00001,117.94236,117.59820701419619,117.9423599243164
1092,115.0,113.52875,112.5553994521311,113.52874755859375
1093,113.00001,111.69226,110.09970130233616,111.6922607421875
1094,105.0,107.12578,104.76378300887565,107.12577819824219
1095,100.0,99.765594,100.055007244049,99.76559448242188
1096,96.00001,93.244125,94.4341534666277,93.24412536621094
1097,92.0,86.63573,88.92607998796318,86.63572692871094
1098,84.0,81.01886,83.42826844665797,81.01885986328125
1099,71.0,75.83024,76.70938158303345,75.83023834228516
1100,68.0,68.78559,76.21181842946457,68.78559112548828
1101,65.0,67.95012,71.96728290705438,67.95011901855469
1102,56.0,66.4372,71.09659871977198,66.43720245361328
1103,90.00001,63.636475,74.2575437040731,63.636474609375
1104,80.0,81.395256,76.27970925139306,81.39525604248047
1105,83.0,78.784996,82.07798166308241,78.78499603271484
1106,86.0,83.96524,84.39325794179777,83.96524047851562
1107,86.0,86.48188,90.535643085527,86.48188018798828
1108,90.00001,89.257706,96.31746298652295,89.25770568847656
1109,97.0,93.90126,101.98650258876212,93.90126037597656
1110,100.0,99.167366,105.8892677442112,99.16736602783203
1111,101.00001,101.92718,111.49647747608245,101.92717742919922
1112,103.0,103.69109,113.42765000855387,103.69109344482422
1113,107.00001,104.91034,116.56050839921079,104.91033935546875
1114,106.0,106.93657,116.9558370824039,106.93656921386719
1115,106.0,105.950584,114.5921798493414,105.9505844116211
1116,111.0,104.73516,113.36730205326002,104.73516082763672
1117,111.0,104.56459,109.00263902047323,104.56459045410156
1118,104.0,101.48203,104.30304235467669,101.4820327758789
1119,91.00001,95.08141,101.50323147284189,95.08141326904297
1120,85.00001,85.9519,92.70076955710081,85.95189666748047
1121,78.0,78.51144,87.82901770610026,78.51143646240234
1122,65.0,71.17343,75.71959901427887,71.17343139648438
1123,64.0,62.706505,72.18232028897413,62.706504821777344
1124,56.0,60.08286,69.13947062474942,60.08285903930664
1125,64.0,55.543995,68.07654324065902,55.54399490356445
1126,62.0,60.241657,67.2058590533766,60.24165725708008
1127,56.999996,60.9123,67.8215175270219,60.91230010986328
1128,59.0,60.237232,71.75264795733374,60.23723220825195
1129,56.999996,64.2715,75.64195548603124,64.27149963378906
1130,70.0,66.98137,80.50251827540241,66.98136901855469
1131,78.0,75.021095,87.91754667445954,75.0210952758789
1132,83.0,83.8407,91.79040169246363,83.8406982421875
1133,86.0,89.44614,97.4594412947028,89.44613647460938
1134,128.0,92.66789,103.27117133314373,92.66789245605469
1135,119.00001,115.24928,106.96941618202312,115.24928283691406
1136,112.0,111.36169,108.90058871449456,111.36168670654297
1137,101.99999,108.269714,110.76080384982356,108.26971435546875
1138,101.99999,101.40674,112.42877578834458,101.40673828125
1139,99.0,100.13156,111.33776181060998,100.13156127929688
1140,97.0,96.41592,108.8402407592007,96.4159164428711
1141,95.0,92.74173,105.11189935407785,92.74172973632812
1142,91.00001,88.190895,100.41230268828131,88.1908950805664
1143,85.00001,82.81348,95.0672052957907,82.8134765625
1144,81.0,76.42606,88.81002989070544,76.42606353759766
1145,75.0,70.57846,83.30195641204094,70.57846069335938
1146,73.0,65.4946,79.32517899994025,65.49459838867188
1147,71.0,65.20074,76.42422190229945,65.20073699951172
1148,75.0,65.249855,73.38137223807476,65.2498550415039
1149,75.0,68.553474,71.04580159865644,68.55347442626953
1150,74.0,69.78329,71.44776066670194,69.78328704833984
1151,72.0,71.74919,72.69974076801118,71.74919128417969
1152,70.0,73.326454,74.72190631533115,73.32645416259766
1153,82.0,74.77192,78.61121384402865,74.77191925048828
1154,77.0,84.45927,82.83545500573588,84.45926666259766
1155,92.0,85.42443,90.25048340479302,85.42443084716797
1156,97.0,97.19063,95.39598167812501,97.19062805175781
1157,104.0,102.69118,102.97398616335605,102.69117736816406
1158,104.0,109.596,108.14939457413301,109.59600067138672
1159,107.00001,110.123314,110.5749961676845,110.1233139038086
1160,169.0,111.884094,113.14249032781987,111.88409423828125
1161,147.0,142.4147,117.5479919738047,142.41470336914062
1162,138.0,128.95613,115.39803414634201,128.9561309814453
1163,127.0,126.67567,114.94334179627135,126.67566680908203
1164,119.99999,117.19957,112.44582074486206,117.19956970214844
1165,112.0,112.16174,108.08115771207528,112.1617431640625
1166,101.00001,104.84849,105.92684755693455,104.8484878540039
1167,97.0,96.06908,98.03646365378812,96.06907653808594
1168,84.0,89.69435,91.77928824870287,89.69435119628906
1169,83.0,78.48529,86.9075363977023,78.48529052734375
1170,72.0,74.16149,67.97514600523814,74.16149139404297
1171,69.0,60.84454,63.1652240246055,60.844539642333984
1172,59.999996,57.440907,60.75869598804476,57.4409065246582
1173,103.0,53.240868,59.0594469762904,53.240867614746094
1174,82.0,76.095,58.18876278900798,76.09500122070312
1175,70.0,66.54571,60.077064517981185,66.54570770263672
1176,64.0,64.286125,61.46290843763721,64.28612518310547
1177,62.0,61.267147,66.62485922166262,61.267147064208984
1178,66.0,63.062443,71.48542201103379,63.062442779541016
1179,76.0,68.97211,76.99148552709906,68.97210693359375
1180,85.00001,77.02511,84.68227031108688,77.02510833740234
1181,86.0,85.91127,88.4423450303342,85.91127014160156
1182,88.0,88.80026,93.61775344111115,88.80026245117188
1183,89.0,91.37631,96.67967666232659,91.37631225585938
1184,96.00001,92.27442,100.51981407778989,92.27442169189453
1185,93.0,94.240974,103.01635084078283,94.24097442626953
1186,96.00001,94.15946,102.13903626864804,94.15946197509766
1187,103.0,94.46547,101.68434391857741,94.46546936035156
1188,121.0,96.04646,101.73210937782395,96.04646301269531
1189,110.0,104.40189,96.09480308970923,104.40189361572266
1190,101.00001,96.023254,91.39520642391268,96.02325439453125
1191,88.0,89.034325,85.41378740375812,89.0343246459961
1192,82.0,77.87244,80.4292552540008,77.8724365234375
1193,75.0,71.52809,74.92118177533627,71.52809143066406
1194,71.0,65.627594,69.42337023403104,65.62759399414062
1195,56.999996,62.602623,62.068161742742575,62.602622985839844
1196,56.999996,54.265724,61.57059858917369,54.265724182128906
1197,56.0,53.881313,57.32606306676352,53.88131332397461
1198,53.0,50.57659,57.72802213480902,50.57659149169922
1199,56.999996,50.073692,58.3436806084543,50.073692321777344
1200,56.0,54.41228,61.638489411102185,54.41228103637695
1201,62.0,58.033073,66.16411856746363,58.03307342529297
1202,68.0,65.74786,70.38835972917087,65.74786376953125
1203,74.0,71.841415,76.53074487290007,71.84141540527344
1204,77.0,77.28503,84.2215296568879,77.28502655029297
1205,79.0,83.120895,87.98160437613521,83.12089538574219
1206,85.00001,86.2716,92.52069115924823,86.27159881591797
1207,87.0,90.04543,99.40054414644739,90.0454330444336
1208,89.0,92.81979,99.42275179592696,92.81979370117188
1209,95.0,92.92263,103.19193181424782,92.9226303100586
1210,87.0,95.47158,101.67829561444907,95.4715805053711
1211,90.00001,89.72325,101.22360326437843,89.72325134277344
1212,85.00001,88.569145,99.3624038406331,88.56914520263672
1213,89.0,82.849,95.63406243551026,82.8489990234375
1214,82.0,82.2815,90.29814414204976,82.28150177001953
1215,78.0,75.15137,85.58936837722311,75.1513671875
1216,111.0,71.15652,79.96851459980181,71.1565170288086
1217,91.00001,82.11772,73.82411949347332,82.11772155761719
1218,86.0,69.67293,82.52690742978939,69.67292785644531
1219,81.0,74.0139,78.98962870448466,74.01390075683594
1220,78.0,72.38308,75.94677904025995,72.3830795288086
1221,74.0,72.610725,75.5201732838335,72.61072540283203
1222,76.0,73.05449,74.01316746888713,73.05448913574219
1223,78.0,75.60988,75.26514757019638,75.60987854003906
1224,74.0,78.89255,76.6509914898524,78.89254760742188
1225,81.0,79.62995,81.81294227387781,79.62995147705078
1226,84.0,86.35854,88.58246994624083,86.3585433959961
1227,93.0,91.632256,91.5432469516503,91.63225555419922
1228,92.0,98.514824,96.6887452249823,98.51482391357422
1229,95.0,100.69298,102.35778482722147,100.69297790527344
1230,98.0,103.759926,110.7148013763182,103.75992584228516
1231,103.0,106.89655,115.04936785286156,106.89655303955078
1232,104.0,110.05567,116.34421875766904,110.05567169189453
1233,116.0,109.90809,117.56811226533407,109.90808868408203
1234,117.0,114.16522,120.508727459183,114.16522216796875
1235,119.99999,113.93879,117.50874859845655,113.93878936767578
1236,119.99999,113.852135,115.01122754704727,113.85213470458984
1237,107.99999,111.62017,111.28288614192442,111.62017059326172
1238,101.00001,103.423546,105.94696784846393,103.42354583740234
1239,101.00001,96.68041,101.23819208363727,96.68041229248047
1240,100.0,92.459724,95.61733830621597,92.45972442626953
1241,86.0,87.18418,89.4729431998875,87.1841812133789
1242,75.0,77.8288,81.42984514792647,77.82879638671875
1243,78.0,70.38951,77.89256642262174,70.38951110839844
1244,65.0,70.70184,75.48603838606097,70.70184326171875
1245,64.0,65.8492,73.78678937430662,65.84919738769531
1246,67.0,66.47755,72.27978355936025,66.47754669189453
1247,72.0,68.084984,74.16808528833346,68.0849838256836
1248,81.0,72.11005,77.46289409098134,72.11004638671875
1249,82.0,79.12722,80.71587999201488,79.1272201538086
1250,88.0,82.366844,87.48540766437792,82.3668441772461
1251,83.0,89.00769,91.71882792511528,89.0076904296875
1252,96.00001,89.20742,97.50064782611122,89.2074203491211
1253,100.0,98.06125,105.07865231134227,98.06124877929688
1254,99.0,102.50504,108.34509583912737,102.50504302978516
1255,105.0,103.62021,112.67966231567071,103.62020874023438
1256,115.0,107.30089,115.2471564758061,107.30088806152344
1257,116.0,112.35299,117.74369323879907,112.35298919677734
1258,113.00001,112.85799,117.5027002943282,112.85798645019531
1259,107.99999,110.77164,117.04800794425758,110.77163696289062
1260,107.00001,106.849846,113.27784363752039,106.84984588623047
1261,144.0,103.525665,110.1858238600615,103.52566528320312
1262,122.0,118.649376,105.48622719426496,118.64937591552734
1263,107.00001,103.59782,100.7774514294383,103.59781646728516
1264,97.0,94.69282,95.15659765201701,94.69281768798828
1265,85.00001,84.50815,89.64852417335247,84.50814819335938
1266,82.0,75.82055,81.60542612139145,75.82054901123047
1267,77.0,72.3989,78.0681473960867,72.3989028930664
1268,75.0,70.05848,74.38897610419806,70.05847930908203
1269,109.0,70.114975,73.32604872010765,70.11497497558594
1270,85.00001,88.136925,71.81904290516127,88.13692474365234
1271,85.00001,76.70789,73.70734463413447,76.70789337158203
1272,78.0,79.312805,77.00215343678236,79.31280517578125
1273,79.0,76.506325,79.61881771015194,76.5063247680664
1274,84.0,80.59473,85.11570212718708,80.5947265625
1275,85.00001,85.99362,91.25808727091629,85.99362182617188
1276,95.0,89.900604,97.03990717191226,89.90060424804688
1277,93.0,97.131546,102.70894677415143,97.13154602050781
1278,100.0,98.20098,107.8843551849284,98.20098114013672
1279,111.0,103.597725,111.5826000338078,103.59772491455078
1280,119.99999,109.872604,114.78641582160714,109.87260437011719
1281,111.0,114.95196,119.19191746759195,114.95195770263672
1282,111.0,111.81668,117.67828126779321,111.81668090820312
1283,107.99999,110.87896,117.22358891772255,110.87895965576172
1284,106.0,107.18693,114.08974623864933,107.18692779541016
1285,98.0,103.71032,109.08876157819857,103.71031951904297
1286,98.0,94.92461,105.02548654006598,94.92460632324219
1287,88.0,91.5105,99.04406751991142,91.510498046875
1288,85.00001,82.950676,96.6048218808099,82.95067596435547
1289,81.0,79.00071,89.1877835191535,79.0007095336914
